locus_tag,mean_exp,gci,gene_name
b0010,5.178247479726491,-0.2247091128479957,satP
b0011,2.62547516025339,-0.326309967472337,yaaW
b0018,2.2390813224930715,-0.23757370520987267,mokC
b0020,5.523776659365505,-0.38843886403062494,nhaR
b0030,5.479245073928991,-0.00867258771813691,rihC
b0036,1.5859068728177546,-0.07950972477882265,caiD
b0037,3.237124408411321,-0.06653450168371215,caiC
b0040,1.4352035194942538,-0.17730174841657698,caiT
b0041,1.655697098732127,-0.19218452846299744,fixA
b0043,1.6931809275174965,-0.1753186243104273,fixC
b0045,1.3215066059211564,-0.29952310594809317,yaaU
b0046,4.645774117432598,-0.22808679270786825,kefF
b0047,4.876016275419185,-0.21290938508538576,kefC
b0060,4.765322969329191,-0.2610033689909242,polB
b0061,2.3449015091668737,-0.18082550192725633,araD
b0062,3.379128867370717,-0.08050939530989155,araA
b0063,2.7319297652265098,-0.11208107251405876,araB
b0065,5.050186026331381,-0.5062492079336105,yabI
b0066,4.943633712660379,-0.06312003421908909,thiQ
b0067,4.510068700772312,-0.11401180174109644,thiP
b0070,5.090606913993975,-0.3594714994152454,setA
b0076,3.1097234084927,-0.17910335130411326,leuO
b0101,5.068094970113402,-0.2461967143181712,yacG
b0106,3.13638941002476,-0.4056283355826383,hofC
b0117,2.1603836329781765,-0.31594434495656404,yacH
b0129,4.812272291376174,-0.27147051745554324,yadI
b0130,4.5574791763857405,-0.13261658889421224,yadE
b0132,3.166150600883117,-0.31718499709193165,rpnC
b0135,2.3383079579293584,-0.3132359075333658,yadC
b0137,2.204843382664005,-0.43211496466499366,yadL
b0139,2.2206223366304827,-0.3905413152826261,htrE
b0142,5.400872458253493,-0.26886535044850574,folK
b0144,4.868519021625724,-0.221294603788224,gluQ
b0147,5.1288643149034945,-0.02065860829152748,thpR
b0153,4.7341400574431685,-0.18823279019716668,fhuB
b0155,5.529111060144642,-0.21149360790683405,clcA
b0157,4.4683184138547904,-0.2921197564154759,yadS
b0158,4.5053899193391445,-0.08530687272065164,btuF
b0162,4.462520853175572,-0.5418934772099135,cdaR
b0186,5.266055671960584,-0.4247781483779305,ldcC
b0187,5.3650206094707205,-0.34130263761021823,yaeR
b0191,5.226989235538991,-0.01186689139145627,arfB
b0193,2.4538273441693335,-0.28622479252585054,yaeF
b0208,5.43943143243895,-0.0375929774287315,yafC
b0210,5.109425303050466,-0.14720213066455187,yafE
b0213,5.561050121121334,-0.2501326646879379,yafS
b0217,2.367279902797875,-0.09806748931900418,yafT
b0219,5.510266197785025,-0.2502220895180951,yafV
b0221,5.484552177466008,-0.568518180285465,fadE
b0225,5.329355337837258,-0.3542692352470207,yafQ
b0227,3.176293873642842,-0.4883198917913022,yafL
b0228,4.628161882866029,-0.5408295639718308,rayT
b0229,1.9362433538769437,-0.45567264100131566,lfhA
b0230,2.174748329458767,-0.29219239805838304,lafU
b0231,4.959828688541759,-0.22933246432292204,dinB
b0232,3.7882130988986473,-0.3755616681748265,yafN
b0233,3.5615239890483235,-0.38446837810840345,yafO
b0234,2.7576583113525728,-0.44228006983211865,yafP
b0241,2.278163423507072,-0.09202263568861772,phoE
b0250,5.523322486192419,-0.3327532620955766,ykfB
b0252,1.1766283522349446,-0.3221558735309311,yafZ
b0253,4.252182358234494,-0.3855686813986591,ykfA
b0254,2.957892194243457,-0.4819880300614507,perR
b0258,4.684100311897362,-0.4089234591359599,ykfC
b0260,4.748797376495009,-0.4090324022379314,mmuP
b0265,4.28788942963056,-0.0826261326965749,insA-2
b0266,4.1135942224487385,-0.15746814349223043,yagB
b0268,3.5102449496226873,-0.09386083068404616,yagE
b0269,3.8638370723919646,-0.10915400542178452,yagF
b0270,2.890656861363497,-0.03798352737029244,yagG
b0275,4.253077078224438,-0.05070861429595191,insA-3
b0276,4.070731909457719,-0.35754038057531584,yagJ
b0277,4.294258183170582,-0.29638627075322066,yagK
b0278,2.6247195793078255,-0.18110235387833817,yagL
b0283,2.948314415072343,-0.4124730402259836,paoD
b0284,3.190977472082245,-0.49069904537565273,paoC
b0285,2.4554860983679667,-0.32552058180108906,paoB
b0286,2.7591580055906,-0.39252496378882445,paoA
b0288,3.636939197905121,-0.11621733425221337,ykgJ
b0289,4.157354149427894,-0.33269288565419247,ecpE
b0290,3.678380952769871,-0.2737744582232447,ecpD
b0291,2.4276229761685917,-0.33526005057635966,ecpC
b0293,4.102440705648128,-0.11432205658703112,ecpA
b0294,1.5571787079855812,-0.3755225901708286,ecpR
b0295,2.9611271991364676,-0.16509815113471407,ykgL
b0300,3.323487630969544,-0.48183117086803606,ykgA
b0304,3.4598872009246717,-0.4921159172589912,rclA
b0305,3.0593891993789355,-0.32667248316522507,rclR
b0306,3.459019924094394,-0.17381735254603112,ykgE
b0307,4.39678643427554,-0.36552785412697353,ykgF
b0308,3.767154571666867,-0.34892969816203284,ykgG
b0314,5.197352125896885,-0.2801649310872062,betT
b0315,4.52057306213191,-0.10367711712184434,pdeL
b0316,4.339301645708848,-0.3593785560392262,yahB
b0318,2.4541032893338133,-0.3991905732734237,yahD
b0320,1.6493066947028892,-0.2743367682809588,yahF
b0321,1.7460735198677992,-0.10050954277498576,yahG
b0328,3.2109015829586607,-0.3423393635040476,yahN
b0330,3.1174586083658866,-0.5478454888006379,prpR
b0331,2.224913539529481,-0.5894741578729688,prpB
b0333,2.236214464537132,-0.5553778177026203,prpC
b0334,2.0517769151709953,-0.5164719588986603,prpD
b0335,2.681285848594181,-0.5322357621247255,prpE
b0338,4.408004860171539,-0.11143825615266854,cynR
b0339,2.089617095660135,-0.2917584821312999,cynT
b0340,3.215404005130645,-0.37137084780041074,cynS
b0341,2.3060434770013165,-0.2052021096360032,cynX
b0342,2.6643252621554137,-0.3983319260738392,lacA
b0343,1.7301287867333293,-0.3282219882126688,lacY
b0347,1.8948013831118975,-0.3878823605011549,mhpA
b0348,1.4886197951025475,-0.3157794040397319,mhpB
b0349,2.3086807670493212,-0.41520281618824806,mhpC
b0350,2.5814174547569797,-0.3356865877314086,mhpD
b0351,2.854750603558975,-0.3249665891786699,mhpF
b0352,2.7431065976012583,-0.37934602828254615,mhpE
b0353,2.65920676608756,-0.48382642635753387,mhpT
b0357,5.267060327337965,-0.01312054276856755,frmR
b0358,3.266090172417315,-0.5115648748115175,yaiO
b0363,2.379374794158428,-0.5499445590593093,yaiP
b0365,2.53958832082312,-0.4073599582433958,tauA
b0366,2.6739314056212335,-0.30658854733366675,tauB
b0367,2.050942001914537,-0.2391218339912652,tauC
b0368,3.4751977997237593,-0.28601763318091167,tauD
b0377,4.87465848007178,-0.2202604093666388,sbmA
b0379,2.1799110393040197,-0.38376442415770384,yaiY
b0380,4.300801616129174,-0.4191861153422378,yaiZ
b0383,4.613581903776126,-0.1505439364831281,phoA
b0384,4.51425230342578,-0.5434613104906956,psiF
b0385,2.5258574718814546,-0.5393123184703357,dgcC
b0389,5.308068371537756,-0.405509135904636,yaiA
b0392,4.476183434660432,-0.4698801285960293,ykiA
b0394,5.562426164971689,-0.23843829034119357,mak
b0396,4.215695871328555,-0.3829265200119218,araJ
b0398,5.36420189577543,-0.02404480948405029,sbcD
b0399,5.348436584029237,-0.4547474917146017,phoB
b0400,4.466822652680879,-0.33538270065743303,phoR
b0403,5.07252520384509,-0.1630780494771698,malZ
b0404,4.692959992746871,-0.5454413924941842,acpH
b0412,4.1148453487356464,-0.3500069760628127,yajI
b0427,4.912191286604566,-0.1445558880175796,yajR
b0443,4.060743150409517,-0.5518530207721595,fadM
b0445,4.0771635825548875,-0.213146985430472,ybaE
b0446,5.053504618266769,-0.19547965005491405,cof
b0447,5.155332814989307,-0.18278505409352003,decR
b0448,4.597665997077075,-0.2763678956412321,mdlA
b0449,4.351395940909947,-0.11428721175330275,mdlB
b0451,4.036685978151142,-0.12082067605455364,amtB
b0456,2.7801224072670534,-0.610479532457679,ybaA
b0457,4.632797506037134,-0.5299888763133972,pdeB
b0464,5.275628838314974,-0.24884605482982788,acrR
b0468,5.454824237322268,-0.3658416012614318,ybaN
b0476,3.6861155399288936,-0.3936420677857168,aes
b0485,3.5168230323666574,-0.34238567676683807,glsA
b0486,4.004098049887568,-0.34188890684018164,ybaT
b0490,5.320044092323488,-0.03052983129592039,fetA
b0491,4.7329104428846325,-0.1988648349945777,fetB
b0495,5.259484203244298,-0.08314742133193553,ybbA
b0496,4.436725319951703,-0.33621243244209714,ybbP
b0497,3.678902810589909,-0.2289609219377912,rhsD
b0498,2.4190921604946567,-0.34003998314322287,ybbC
b0499,1.4303874853422676,-0.37100668450827706,ylbH
b0502_1,4.085537483930349,-0.46514970695741054,NA
b0504,1.9955782159645392,-0.26336810319009524,allS
b0505,3.40629236341136,-0.24172330610372428,allA
b0507,2.9152126158548004,-0.3373434779210977,gcl
b0508,2.1025136164653913,-0.23752188545962669,hyi
b0509,2.5113493048417417,-0.11342248881217568,glxR
b0511,0.940439613588402,-0.3332149911058739,ybbW
b0512,2.8342421720832274,-0.19644294762686065,allB
b0513,2.136564297511001,-0.3824952220197199,ybbY
b0514,2.940274047760723,-0.2636341893889224,glxK
b0515,5.233169306881905,-0.2589428378080953,allE
b0516,3.878997183918321,-0.3080561452778683,allC
b0517,1.382241692268918,-0.36925928017369414,allD
b0518,1.053015221485317,-0.10407387824425084,fdrA
b0520,2.0177617538111967,-0.25392069971902503,ylbF
b0521,2.136222237159914,-0.3438991610246489,ybcF
b0527,2.209403756798774,-0.2263997362015316,ybcI
b0528,5.016881261403733,-0.07808872096856175,ybcJ
b0532,1.9917755851033323,-0.4114384056861652,sfmD
b0533,1.0229316218326907,-0.39476061260830125,sfmH
b0543,4.160751453701882,-0.3689660417144364,emrE
b0544,1.6081209847422109,-0.4955032356748062,ybcK
b0545,3.337526203155014,-0.5492744900076136,ybcL
b0546,4.810725392203261,-0.5384512663252561,ybcM
b0555,3.3736207006949894,-0.252031277852192,rrrD
b0562_2,3.6848843209437376,-0.4553293971532456,NA
b0564,5.451769151821805,-0.1483038902720008,appY
b0566,2.498155615836485,-0.3141456126519364,envY
b0567,3.971082417782178,-0.14652741310225018,ybcH
b0569,3.3250085146401416,-0.30630598530977166,nfrB
b0579,5.0390325433474565,-0.04856656036087791,ybdF
b0580,3.484972314340099,-0.45492785775020206,ybdJ
b0581,5.099928754986389,-0.4449992924458588,ybdK
b0583,3.553222846665747,-0.31025285882763287,entD
b0585,5.331731680581689,-0.19793108512488936,fes
b0587,1.117807917676238,-0.2551860756749366,fepE
b0588,5.334086618837332,-0.12551449291371908,fepC
b0589,4.37894796638373,-0.05665789309816065,fepG
b0590,4.888459759564974,-0.07589843651478134,fepD
b0591,4.960882531022129,-0.1819884599610455,entS
b0597,5.484235085930732,-0.22996936571380927,entH
b0601,3.6683751407995127,-0.19762495577322928,ybdM
b0602,2.179148707065982,-0.4067901135909655,ybdN
b0603,1.9598045349636248,-0.5625548203665003,ybdO
b0608,4.109886684198637,-0.5854921688207777,ybdR
b0612,2.088500978975739,-0.4681858956824639,citT
b0615,1.0954505103158745,-0.11085835249957696,citF
b0619,4.57091330733887,-0.40329650067066425,dpiB
b0620,4.844294614858061,-0.04475312141346035,dpiA
b0622,3.4575659329178303,-0.2263877487223464,pagP
b0624,5.089990655208227,-0.17654436934001702,crcB
b0627,4.5665805376029365,-0.2635582697924031,tatE
b0629,2.4807696130200156,-0.13822556599085176,ybeF
b0638,4.488118858909873,-0.2806700997314854,cobC
b0644,2.386395489437185,-0.3820098336773713,ybeQ
b0646,1.4446471813207888,-0.4603942153668041,djlB
b0649,3.492580775015404,-0.4791555365597131,djlC
b0650,2.8913308159779483,-0.3150157187316305,hscC
b0653,5.386825692430404,-0.3782031655517411,gltK
b0654,5.514474967521218,-0.4495679757356746,gltJ
b0681,2.7488219728280843,-0.0795969451275258,chiP
b0682,3.0843153102020513,-0.09484247467595185,chiQ
b0685,5.22195178676428,-0.04144759367891325,ybfE
b0689,3.013052631119881,-0.35707210836645065,ybfP
b0692,3.8017649319527256,-0.5853770622116445,potE
b0693,1.701966380811469,-0.2971030887258299,speF
b0695,5.409170006176505,-0.2115472768458607,kdpD
b0696,3.736389271566467,-0.39302661805451095,kdpC
b0697,2.7385731101997703,-0.2089367153535444,kdpB
b0698,1.4354347029330892,-0.2379310477311921,kdpA
b0700,3.1959714089335733,-0.19007729672565457,rhsC
b0703,2.100895150655804,-0.2965148718200641,ybfO
b0704,2.8188072209339388,-0.6011734038067071,ybfC
b0705,0.9586857271066036,-0.2705912748965554,ybfL
b0707,4.948404241007455,-0.5379955955510447,ybgA
b0708,4.858459399466926,-0.4978861759109048,phr
b0709,4.531675901525807,-0.09809799727074228,dtpD
b0716,2.016002484447185,-0.4988217441636338,ybgO
b0718,0.9706327204418628,-0.5334235336627866,ybgQ
b0730,5.045972899547326,-0.1597297735932958,mngR
b0731,0.8641620286090979,-0.26433826505712693,mngA
b0732,4.111138948124385,-0.35816339832595157,mngB
b0753,4.507242892003187,-0.4154123480726897,ybgS
b0764,5.32923525269298,-0.29264848796035253,modB
b0765,5.096146854726768,-0.4016334870385468,modC
b0768,1.9496268663921752,-0.4771139264197585,ybhD
b0770,1.1466710255304862,-0.1814501559393636,ybhI
b0771,2.3488333215254333,-0.03890472817274459,ybhJ
b0784,4.501498435630675,-0.3887523664992336,moaD
b0787,2.608193769708987,-0.39414308915407914,ybhM
b0788,3.2678216946792267,-0.5636095459136866,ybhN
b0789,4.5131829684665785,-0.48590508076419736,clsB
b0790,4.814986065239707,-0.4386443930460817,ybhP
b0792,4.164451213455203,-0.2894041549455517,ybhR
b0793,4.354808912276746,-0.06857915649588815,ybhS
b0798,3.456510973234974,-0.24281644248090764,ybiA
b0802,4.6057470031005066,-0.19803593270146944,ybiJ
b0803,4.274677601040178,-0.51893787442871,ybiI
b0804,4.189853603004453,-0.273821510826477,ybiX
b0806,4.053223737105703,-0.5397305544975092,mcbA
b0808,3.577022844650289,-0.5992688844731308,ybiO
b0813,3.914304917431548,-0.14958874990741802,rhtA
b0815,4.380580301404436,-0.24256564791590884,opgE
b0818,4.476687495218386,-0.3819195536380885,ybiR
b0823,2.755214802615321,-0.24106514513625596,ybiW
b0832,4.685499884082079,-0.46115829716770906,gsiD
b0833,4.8568103527386555,-0.245345287994186,pdeI
b0834,4.300464341682908,-0.15424033023416928,dgcI
b0837,4.126528454925895,-0.5056719122659935,yliI
b0842,4.858962735665065,-0.3523498824725606,mdfA
b0846,4.368807228767271,-0.15347966066397978,rcdA
b0849,4.731697823138823,-0.12920944437333218,grxA
b0856,4.3047461456620715,-0.5330932809671499,potH
b0857,4.744068207547444,-0.47639805454519363,potI
b0858,4.472498721662928,-0.26993867677106687,ybjO
b0859,4.633951489555433,-0.34749165769372625,rlmC
b0875,4.348715137724514,-0.5505332470847206,aqpZ
b0879,5.290097504869928,-0.4298021862313086,macB
b0899,2.359274670304756,-0.2667767263179141,ycaM
b0900,4.148427264141007,-0.2111675893171868,ycaN
b0901,2.426430140268661,-0.2029739225329095,ycaK
b0906,4.753708791767002,-0.5953398536875859,ycaP
b0909,3.6963123303179426,-0.03642537129356533,ycaL
b0913,3.1465327340639924,-0.47176014130982735,ycaI
b0916,4.1677162584076735,-0.43078182789500424,ycaQ
b0917,4.623862356746457,-0.00231720117507669,ycaR
b0920,4.472427652785756,-0.4035677402070517,elyC
b0933,3.3627967973159234,-0.4464564388305819,ssuB
b0934,1.4625618911249687,-0.28433972624723297,ssuC
b0935,2.491336572548342,-0.2763366835102119,ssuD
b0936,2.2040517280179595,-0.3307430110515809,ssuA
b0937,1.7488538176727333,-0.328942838499415,ssuE
b0940,2.453581725335999,-0.49266308134506154,elfC
b0941,3.6490687633989713,-0.5119198775410002,elfG
b0942,2.7771828521478077,-0.3988265075888045,ycbU
b0943,2.68987815597726,-0.2608176054012612,ycbV
b0944,3.5551772843167933,-0.465367014516214,ycbF
b0950,4.885444638757207,-0.2162077130409174,pqiA
b0959,4.7243300680837095,-0.3334459961631778,sxy
b0961,5.04026873835323,-0.2185568361643267,yccF
b0964,3.892099716907667,-0.5253416305297096,yccT
b0968,4.392807789079023,-0.30368891625849487,yccX
b0972,1.1832904387686929,-0.1726886032923592,hyaA
b0973,1.631414082998002,-0.268250450179649,hyaB
b0974,1.9410255640826537,-0.4153955674975893,hyaC
b0975,2.9926950883484533,-0.23201465176060035,hyaD
b0976,1.760787799293831,-0.23471979029926188,hyaE
b0977,2.542742869767714,-0.4476691356596949,hyaF
b0978,4.03475344771106,-0.31490262376490863,appC
b0979,3.692749699284688,-0.33515954574234974,appB
b0980,4.679328994604537,-0.3781201670151611,appA
b0981,4.759696384066782,-0.2775875915063699,etk
b0982,3.2034685596573107,-0.19454007046753571,etp
b0984,2.5769892857304892,-0.16854725146136992,gfcD
b0985,2.442618041559895,-0.1222579643607062,gfcC
b0986,2.166768127559954,-0.2169486309187087,gfcB
b0991,0.5382078175578673,-0.02287354850820807,ymcE
b0994,3.408982498629094,-0.17334804674577378,torT
b0995,5.259265497555486,-0.19800670011130653,torR
b0996,1.2167847688426214,-0.20057807996658167,torC
b0997,2.7544925597811605,-0.36813817850669794,torA
b0998,2.885114884482006,-0.18748831952714612,torD
b1001,1.7833117898534785,-0.33185216842403303,yccE
b1006,3.347688965262486,-0.410729527803381,rutG
b1007,1.7215645147099716,-0.13121984610716791,rutF
b1008,1.1602556926185978,-0.13197053115256926,rutE
b1009,1.4478726970147051,-0.11048128516494768,rutD
b1010,1.23414173137967,-0.08122959637985075,rutC
b1011,1.0309307327918664,-0.12934018851500176,rutB
b1012,1.3092886185342207,-0.27787941673025157,rutA
b1013,5.101867346024325,-0.3842468710428188,rutR
b1021,2.278626428316615,-0.3316228747965926,pgaD
b1022,2.0396433335681174,-0.317811108062734,pgaC
b1023,2.205239148270595,-0.22182490492111587,pgaB
b1024,2.913660336246495,-0.2245496277268177,pgaA
b1025,3.621643528903157,-0.178181846832013,dgcT
b1037,4.6962214019286295,-0.4555737007825678,csgG
b1038,3.2362203725861107,-0.4519683220319003,csgF
b1039,3.340405235782021,-0.5189067456765585,csgE
b1040,5.090897539172316,-0.558517228190708,csgD
b1042,4.080217882696865,-0.5966837888351868,csgA
b1044,2.983021804682008,-0.2155478556367819,ymdA
b1045,5.480480022203463,-0.5195138665163057,ymdB
b1046,4.6168236217999965,-0.6355092917041537,clsC
b1047,3.7695560799579697,-0.20763886322551753,opgC
b1050,2.698132684113229,-0.2641115677928705,yceK
b1053,3.339664843022086,-0.00822425340011145,mdtG
b1057,3.565012209378926,-0.3778965075357924,yceJ
b1060,5.010807876685571,-0.17255326330095197,bssS
b1065,3.5170199512355427,-0.22688067173264256,mdtH
b1069,5.344634403528394,-0.2571319902680132,murJ
b1070,5.487915700252525,-0.03185464700656211,flgN
b1071,4.828180676850087,-0.00488469422117003,flgM
b1072,5.120477194754571,-0.00773311840651158,flgA
b1078,5.421013765224439,-0.00468425436483885,flgG
b1079,4.000436402042468,-0.06525542336721667,flgH
b1080,3.924885052174136,-0.0461251534797254,flgI
b1081,3.837332398534645,-0.05796063323334734,flgJ
b1082,4.862003357269879,-0.05178582547401039,flgK
b1096,5.537076031809208,-0.24023206442937609,pabC
b1102,4.770175099886,-0.34956338426482236,fhuE
b1110,3.8545723003825674,-0.10382147477165504,ycfJ
b1112,4.66650117736986,-0.02272434687233398,bhsA
b1113,5.55343639681717,-0.16310691189225873,ldtC
b1115,1.4059656597759598,-0.3446353252255677,ycfT
b1125,5.234068795319173,-0.207009470881458,potB
b1134,5.460505799021406,-0.471357452773364,nudJ
b1137,3.6232382993151897,-0.41874808591396256,ymfD
b1138,3.639719386144855,-0.5328396736687232,ymfE
b1139,4.422521478069941,-0.37719657728874045,lit
b1140,3.7095135759670623,-0.5636702218486686,intE
b1141,2.5045336536529605,-0.47740561478001986,xisE
b1144,2.1698658981980254,-0.5804603166135758,ymfJ
b1147,1.611444286989364,-0.4929738774970789,ymfL
b1155,2.12506342910712,-0.4327162454270732,tfaP
b1159,4.3401655811470015,-0.4846490157627522,mcrA
b1161,3.2079166029110504,-0.15816365926895956,ycgX
b1163,4.603524467776843,-0.585613253989158,bluF
b1164,3.587458614296757,-0.42174625985672354,ycgZ
b1165,2.867925009429766,-0.4983811765856932,ymgA
b1166,2.09105412408002,-0.483694257162092,ariR
b1167,1.9666785483020273,-0.4114968383689752,ymgC
b1168,1.700157878188464,-0.5799684905189314,pdeG
b1171,5.152699551231254,-0.15308010017069654,ymgD
b1172,3.812229918445889,-0.03642031316093219,ymgG
b1177,5.519321535334889,-0.4015339516459453,ycgJ
b1182,2.6803169928743378,-0.3230431642609767,hlyE
b1183,3.6863261149856568,-0.3991020628419714,umuD
b1184,3.5854715521369753,-0.3788364372987842,umuC
b1191,5.355129081055837,-0.40945175897788166,cvrA
b1194,3.8554119943058303,-0.12725705051251943,ycgR
b1195,3.830065812041126,-0.6059963368882819,ymgE
b1196,2.2887484310461477,-0.415416440331395,ycgY
b1197,5.004727344983849,-0.4858612159910999,treA
b1202,3.9454006745201777,-0.30482952863686225,ycgV
b1213,4.565264630297615,-0.1978616477130631,ychQ
b1217,3.929936813199688,-0.476275121027157,chaB
b1220,4.621502413779007,-0.47302094181651255,ychO
b1225,4.075806399010747,-0.01310408086451235,narH
b1226,3.438590754600318,-8.6743276856811e-4,narJ
b1227,3.675547505598995,-0.05240791512941792,narI
b1242,4.323379461852972,-0.08864416007105948,ychE
b1250,4.885068784842478,-0.42818540824137213,kch
b1257,4.2757684332872365,-0.5174501154854848,yciE
b1258,3.848683378592594,-0.5068500908837928,yciF
b1259,2.488104187235281,-0.6730396748115356,yciG
b1268,3.34815417788346,-0.5248605269413342,yciQ
b1283,5.169442730637642,-0.45364227934837065,osmB
b1285,5.543524446761016,-0.4355264891760354,pdeR
b1289,3.2372245787817557,-0.2058199524739825,ycjD
b1295,4.901990836400222,-0.28429398690559254,ymjA
b1296,3.933699401573378,-0.6050546932928268,puuP
b1298,4.767187811275275,-0.516591959940084,puuD
b1300,4.488444424032053,-0.2890225672519671,puuC
b1301,3.906804166837242,-0.23675296530454135,puuB
b1302,3.651335408176352,-0.29843616156448344,puuE
b1305,2.9453456511911424,-0.24856176420917972,pspB
b1306,4.019104563672303,-0.4432387687196834,pspC
b1309,1.515720748612616,-0.3868782431160443,ycjM
b1310,0.9527211705898352,-0.12466895414716378,ycjN
b1313,2.233866541913356,-0.04493501968403224,ycjQ
b1315,2.3759772929389205,-0.24734626302094564,ycjS
b1316,2.153966376065079,-0.3618866371287904,ycjT
b1319,1.078870637769038,-0.3063374297922724,ompG
b1320,4.814684242967211,-0.4094128635483024,ycjW
b1321,5.4794839029597036,-0.20526794955096864,ycjX
b1322,5.2151267028718,-0.13082625875144485,ycjF
b1327,3.3684651918786535,-0.5307094984068955,ycjY
b1328,4.965516543635682,-0.379649477618503,pgrR
b1330,5.406572384275224,-0.3736280481157762,ynaI
b1335,5.265526568096342,-0.20687536617346092,ogt
b1336,2.244308691408338,-0.6063720815567075,abgT
b1337,2.0974615416678444,-0.5023598117814676,abgB
b1338,1.5892297772556196,-0.2920031521385764,abgA
b1339,4.265713587099983,-0.4583317920211602,abgR
b1340,5.445463536812545,-0.13927397565994354,smrA
b1341,5.447751096091265,-0.541166812586726,dgcM
b1343,4.822538476048008,-0.424606487484354,dbpA
b1345,2.966066051980774,-0.4548635023489208,intR
b1349,3.3933432293530563,-0.2789068175962368,recT
b1350,2.461350906841972,-0.33023037213809303,recE
b1353,2.769728727407073,-0.369854622248172,sieB
b1357,1.9110725757355524,-0.4449651449894491,ydaS
b1359,2.796347859378206,-0.4292229683266955,ydaU
b1360,2.1442034794159266,-0.17749434208397116,ydaV
b1361,2.9861734506987454,-0.4596937267783153,ydaW
b1362,1.9919714079277004,-0.36761355397106216,rzpR
b1363,4.483441770383051,-0.5023859120970938,trkG
b1368,3.340074760663852,-0.3802496850065315,ynaA
b1370,5.177250942588444,-0.02619971161726929,insH-5
b1372,2.5077521600371604,-0.47236942786649583,stfR
b1374,3.6728614994647746,-0.46831527046788135,pinR
b1375,1.9473388084511236,-0.2417745459344083,ynaE
b1377,1.75420629195134,-0.5232623520866282,ompN
b1379,5.0911670857201585,-0.27764949958603663,hslJ
b1380,5.240957163926859,-0.20000514741674627,ldhA
b1383,4.450368178168037,-0.4837410237102602,ydbL
b1384,4.519517741637527,-0.5611398856079894,feaR
b1385,4.2855308302401145,-0.546842350707354,feaB
b1386,3.067502956195174,-0.5307721583536185,tynA
b1392,2.4155088227503816,-0.0343821024681373,paaE
b1397,4.529245978872504,-0.5516888062576776,paaJ
b1398,4.6926650951068725,-0.5092594505670373,paaK
b1399,5.555987901364173,-0.21652477317797905,paaX
b1406,5.3269627238575366,-0.5259530911650115,pdxI
b1407,2.1354510714786827,-0.5505355691157203,ydbD
b1410,2.96131762720716,-0.4417307445374888,ynbC
b1411,3.533767144056312,-0.40321663257861307,ynbD
b1419,2.6532256840695863,-0.16407293511134988,ydcA
b1420,3.748778323718827,-0.29721044178083117,mokB
b1421,4.066368310129703,-0.3021179080054448,trg
b1423,4.46779495491201,-0.5327029277650864,ydcJ
b1428,4.6068072622030485,-0.4812574952895092,ydcK
b1429,4.575524421396124,-0.25134095657946154,tehA
b1433,3.595360584817955,-0.3146936447317197,ydcO
b1438,5.013701051332705,-0.4540159685998495,hicB
b1439,5.26462874781616,-0.292767339523278,ydcR
b1440,5.132326214831373,-0.5080573904829591,ydcS
b1441,3.8349815917361143,-0.4859731743397765,ydcT
b1442,3.581002388091274,-0.4747308965320663,ydcU
b1443,2.853955851568218,-0.540152088595366,ydcV
b1444,4.35612683272377,-0.5302487640691164,patD
b1447,4.854480751535977,-0.28095114381001357,ydcZ
b1449,5.148937435405996,-0.5145249510821566,curA
b1450,4.175238120381086,-0.521397179805934,mcbR
b1451,4.712376257466764,-0.18490728019833472,yncD
b1454,3.946208296063135,-0.6197356722539961,yncG
b1456,2.8397429471888933,-0.34952633513845216,rhsE
b1457,2.0150553224624623,-0.33382812986532623,ydcD
b1459_1,2.1378714261913925,-0.4762555628181164,NA
b1460,1.0519026053674445,-0.3283507159701344,ydcC
b1461,4.086695658898484,-0.33345202004189123,pptA
b1462,3.493320821219398,-0.6121321479823201,yddH
b1463,3.961327469135335,-0.4144769937859445,nhoA
b1465,2.5122457979873367,-0.3959643357236685,narV
b1466,2.1876812320874612,-0.29536296895647945,narW
b1467,2.9562268807099445,-0.32579077389501054,narY
b1468,3.187908801113427,-0.1857515788225728,narZ
b1469,1.7103483314297023,-0.27817521402564166,narU
b1473,5.020981568322336,-0.03115791112342068,yddG
b1475,2.3316264065150514,-0.08221602594323488,fdnH
b1476,3.8699912005944888,-0.3307456904499565,fdnI
b1477,5.280244892157181,-0.3007030176551658,yddM
b1480,5.017998353036365,-0.5714878307170499,sra
b1481,1.2541081952263786,-0.506505250560071,bdm
b1483,3.108913037690732,-0.49317889007843774,ddpF
b1484,3.236485103923546,-0.4599555178110112,ddpD
b1485,3.113176078506788,-0.34283053212297476,ddpC
b1486,2.590999780932425,-0.4110373921363805,ddpB
b1487,3.7467826898462415,-0.50826157219475665,ddpA
b1488,3.1511448059508647,-0.48190743409022246,ddpX
b1489,3.934471462396405,-0.6568229121085344,dosP
b1490,4.995450326969173,-0.6361025131622028,dosC
b1494,4.7542613326224075,-0.1914134874080672,pqqL
b1495,4.5560046021245855,-0.2747953809775816,yddB
b1496,3.599878478530877,-0.3262074682806775,yddA
b1497,1.8882015011050612,-0.18697167411615143,ydeM
b1498,4.315205863774487,-0.084466769601055,ydeN
b1499,1.6652110510900755,-0.2198191320398394,ydeO
b1501,3.3406970212339298,-0.43215199612543703,ydeP
b1502,1.4461965469100122,-0.34154010070291074,ydeQ
b1505,1.7301358980427075,-0.23980605026562485,ydeT
b1507,5.295028917144583,-0.42252464929391426,hipA
b1508,4.088696292295114,-0.1051620636102496,hipB
b1511,4.078816984707769,-0.6124063977723548,lsrK
b1512,4.602846664371844,-0.5968298358380723,lsrR
b1513,2.8736043880762963,-0.45519731629089766,lsrA
b1514,2.598388291518033,-0.4575110476386578,lsrC
b1515,2.333683509782107,-0.471562671991464,lsrD
b1516,3.631260358723027,-0.5569914607125629,lsrB
b1517,4.010397636352731,-0.5898421905435023,lsrF
b1518,3.2327751736332098,-0.6478446205339732,lsrG
b1519,5.34873865386997,-0.5746220800742416,tam
b1520,4.15822187020355,-0.1791024246176155,yneE
b1521,3.5620325154030117,-0.2088398520973911,uxaB
b1522,3.639055064502982,-0.3085908723914644,dgcF
b1523,4.329156338089903,-0.13384201422235273,yneG
b1525,5.45279155670567,-0.14026467731959888,sad
b1526,4.859853715082062,-0.5029647287585787,yneJ
b1527,1.6156640473034738,-0.4877082046643029,yneK
b1528,4.353691915676245,-0.01722513612861271,ydeA
b1530,4.469915535749598,-0.08175304499383748,marR
b1531,5.235471206754149,-0.02389490896836303,marA
b1534,3.757509004092838,-0.43201173153010575,ydeE
b1535,4.38773183227442,-0.3087955134293244,dgcZ
b1536,3.8170199052877503,-0.5481955419473807,ydeI
b1537,2.9764093722557,-0.6268826519891628,ydeJ
b1542,3.2115347464211874,-0.4076215482331401,ydfI
b1546,3.646752070894941,-0.5025087661060409,tfaQ
b1547,1.6990743302918838,-0.32797285663887105,ydfN
b1548,2.8602669257822657,-0.2120919522994845,nohA
b1549,1.8574356962863228,-0.00676200289923294,ydfO
b1552,0.5454805068802954,-0.20057576376831251,cspI
b1558,1.9182326679492565,-0.19531842707572397,cspF
b1559,2.7347944982181223,-0.5272050090318864,ydfT
b1562,4.361778288890099,-0.32548026616806286,hokD
b1566,4.163658548661725,-0.21367902426243776,flxA
b1579,2.4158523900547064,-0.4713064415037164,intQ
b1580,2.6968724199454006,-0.40740950656212815,rspB
b1581,2.3978504617815655,-0.3189119444492508,rspA
b1582,3.867422722740469,-0.5135127507524403,ynfA
b1590,4.541380033762289,-0.04229491662043147,ynfH
b1592,3.315990902487776,-0.5077714186162011,clcB
b1595,3.878638046956016,-0.2527389521491464,ynfL
b1597,3.362735656126959,-0.31054424782005846,asr
b1605,3.604164189540066,-0.2191460773430371,ydgI
b1606,5.145753241268675,-0.29949701075372875,folM
b1607,4.750192150841198,-0.665150090559485,ydgC
b1610,5.274262500489351,-0.02736068306040197,tus
b1615,1.6886794402587886,-0.4935708208361471,uidC
b1616,1.482651172916586,-0.3374236305155943,uidB
b1617,2.370215337149212,-0.4128566187655964,uidA
b1632,5.450022137997535,-0.01279975418257041,rsxE
b1639,4.30342065332866,-0.45845080430247326,mliC
b1645,3.1470277834874216,-0.20005462423769668,ydhK
b1648,4.367918426420462,-0.4887818705227501,ydhL
b1649,4.152597834038269,-0.26080083806051696,nemR
b1650,5.506368023086263,-0.02531633666404143,nemA
b1653,4.467381091713934,-0.51477378428258,lhr
b1657,4.289082305352729,-0.12619180459317272,ydhP
b1659,4.714396931242494,-0.23775488217357785,ydhB
b1668,4.999557211832324,-0.5543477090575575,ydhS
b1669,2.83463386964642,-0.14631325203500922,ydhT
b1670,3.1852593638988353,-0.4290661960130226,ydhU
b1671,2.655751519175301,-0.12225931275930207,ydhX
b1672,3.2407735935136888,-0.16906352795206478,ydhW
b1673,2.3422503696151793,-0.05029960889691191,ydhV
b1675,5.5421512699109705,-0.10553472589131778,fumD
b1679,5.527136607344522,-0.44812108159710695,sufE
b1689,2.0621075845774337,-0.4376072176059871,ydiL
b1690,1.0921103522921154,-0.4973590111454506,ydiM
b1692,2.188301630763082,-0.3518313002098536,ydiB
b1694,1.9369958603548056,-0.04458344099770441,ydiF
b1696,4.126729816632651,-0.3698854629963339,ydiP
b1698,2.636803860242838,-0.23999370148979,ydiR
b1699,2.423622134167221,-0.23290890901843408,ydiS
b1701,2.2419348022314596,-0.4060657643557698,fadK
b1705,3.450697558338345,-0.21068250268569108,ydiE
b1707,4.7898283173478005,-0.18685064402295012,ydiV
b1728,2.832899417681588,-0.18556271714970973,ydjM
b1733,4.823612043377946,-0.3638642948368248,chbG
b1734,3.0582664452739223,-0.26202203168263316,chbF
b1735,4.07637165011785,-0.537560268676216,chbR
b1736,3.2771015856737375,-0.00701508665064719,chbA
b1737,2.83536361616974,-0.37400405286305183,chbC
b1738,3.700590653965512,-0.45408962574788714,chbB
b1741,4.862603278421464,-0.5114088895553655,cho
b1742,3.02263144781908,-0.2216379300727996,ves
b1743,5.073040754673416,-0.2983066374420004,spy
b1744,2.714014057581436,-0.373389016856522,astE
b1745,3.519934794033116,-0.33687795462067394,astB
b1746,3.531914325590856,-0.3759705697843689,astD
b1747,3.236057557736131,-0.42221340686969056,astA
b1748,3.618906391258235,-0.43952705356188615,astC
b1752,3.8544358562111616,-0.03473983360413368,ydjZ
b1754,5.142086937957627,-0.0205366330406505,ynjB
b1755,3.4159052422428924,-0.16938002128433297,ynjC
b1756,4.122448936464096,-0.3794103213872567,ynjD
b1758,4.669695158127505,-0.5236159534712893,ynjF
b1760,3.4667889176018645,-0.3168635335907322,ynjH
b1762,2.4316147574035876,-0.429096719077303,ynjI
b1769,1.7199460510018527,-0.4032204968885959,ydjE
b1770,5.404285309089456,-0.55282497958353,ydjF
b1771,3.3424896263895376,-0.4731295397618837,ydjG
b1772,2.0103952614378287,-0.33335108951288267,ydjH
b1773,2.4290977108988296,-0.5321393902658784,ydjI
b1774,1.984578400012179,-0.425718578595498,ydjJ
b1775,1.5332274636521468,-0.26720713178763417,ydjK
b1776,2.200775609864187,-0.3348275061027936,ydjL
b1784,5.528732815249873,-0.5495572878588223,yeaH
b1785,1.3392044461211852,-0.11651094323624316,cdgI
b1786,4.228240033444432,-0.5109816969021568,dgcJ
b1789,4.038947305455143,-0.2568721648287381,yeaL
b1790,4.761717458267748,-0.38228136968292487,nimR
b1793,4.737622395511667,-0.4338448931331769,yoaF
b1796,0.39876052418530794,-0.22045921329439197,yoaG
b1797,1.7952276938825835,-0.38090140913360176,yeaR
b1798,3.998838162640591,-0.3148153822102791,leuE
b1800,4.777442508495947,-0.28632848417692464,dmlA
b1801,1.4923594311091573,-0.4742810530864477,yeaV
b1802,2.316214908759016,-0.429681861252084,yeaW
b1803,3.000550940858136,-0.5088457959281059,yeaX
b1808,5.339069530410912,-0.35801079846862754,yoaA
b1810,5.249126750507563,-0.40745458683732927,yoaC
b1811,4.610168952497288,-0.11289185602922948,yoaH
b1812,5.243234634823162,-0.2250680940250884,pabB
b1815,3.207491822322545,-0.5317033622172233,pdeD
b1826,2.953464797447493,-0.0754300802613046,mgrB
b1828,2.357945804106443,-0.240276568637897,yebQ
b1833,4.935324037806604,-0.264973810757256,yebS
b1835,5.387387928485119,-0.02979147233713053,rsmF
b1837,3.4980359682156412,-0.4386088584719823,yebW
b1838,3.1876840308805914,-0.4522122894718506,pphA
b1845,5.076340536191041,-0.23763626229126417,ptrB
b1859,5.52643173698053,-0.04799892682921357,znuB
b1868,4.796003354577712,-0.3001070596364039,yecE
b1872,3.436371631219828,-0.41043160917950977,torZ
b1873,1.1238196304384895,-0.43286604145681906,torY
b1877,2.4840828167936495,-0.2320194411416372,yecT
b1878,2.7165707897134874,-0.1333174635709589,flhE
b1879,4.403556892471935,-0.06215723484716723,flhA
b1881,4.849628928185489,-0.09467601644898745,cheZ
b1882,4.336854515664454,-0.1493480627090471,cheY
b1883,2.533751402271882,-0.11001580175295148,cheB
b1884,3.2527979593307603,-0.13177405950613724,cheR
b1885,3.5046693131521485,-0.06029044367397587,tap
b1886,4.025655697199306,-0.06218969642642558,tar
b1887,4.913268303230243,-0.11148396271833746,cheW
b1888,4.372046785043089,-0.01903640983266793,cheA
b1889,3.4201339349296327,-0.05412975021578989,motB
b1890,3.452771858539143,-0.07582932932593307,motA
b1892,5.554546541270553,-0.2605187042614939,flhD
b1894,3.384112285253741,-0.00223905952931721,insA-5
b1895,5.272867656930995,-0.2317678498945565,uspC
b1900,3.2593473618042883,-0.4296155085132556,araG
b1901,3.815972249862603,-0.4807191390700272,araF
b1907,4.658565514852277,-0.25275076596787033,tyrP
b1915,4.750980183560213,-0.06696764441331125,yecF
b1916,5.392011546353623,-0.04684336751635699,sdiA
b1921,5.056938868322762,-0.0715929744159645,fliZ
b1924,4.045994375910597,-0.04412307810303997,fliD
b1925,3.611046145695608,-0.03834827442137198,fliS
b1926,3.167050846574865,-0.06603776405892027,fliT
b1931,3.9502508295765417,-0.5929412909645431,yedK
b1932,4.01723546265678,-0.3115130910061036,yedL
b1937,3.122612473094138,-0.14742049086375208,fliE
b1939,4.415713283377523,-0.00711993739554245,fliG
b1940,4.065087751249936,-0.04553373041628673,fliH
b1941,3.541738488304188,-0.03729924801981338,fliI
b1942,2.6355612293945554,-0.08434283543303402,fliJ
b1943,3.6592262028648728,-0.06878833106453759,fliK
b1946,3.524520572251711,-0.02662281071460168,fliN
b1948,2.7329737008458532,-0.04484240416534707,fliP
b1949,2.1022087482181235,-0.05479693088809469,fliQ
b1950,2.0845412106519277,-0.14226898945742833,fliR
b1951,3.935247667318972,-0.27419896849998276,rcsA
b1952,4.680107137653317,-0.45555834896979674,dsrB
b1953,4.094054181382997,-0.5342453985804788,yodD
b1955,5.304778117472671,-0.5805544831354237,yedP
b1956,5.098240872342344,-0.5928184147138442,dgcQ
b1957,2.202293441112253,-0.5137088038045302,yodC
b1958,5.110264281649641,-0.48181674612502,yedI
b1959,1.4555304602730303,-0.3164290907132727,yedA
b1960,4.404339319586642,-0.17080007944359482,vsr
b1963,4.841752696561478,-0.1535223475331905,yedR
b1968,4.774484209130392,-0.5188372217208418,hprS
b1971,5.56773509471224,-0.3682910297764111,msrP
b1972,4.169875127917704,-0.38657356892730427,msrQ
b1974,2.535778792422793,-0.19667596198413753,yodB
b1978,3.8442703195165535,-0.4915567985461936,yeeJ
b1985,3.93631810058796,-0.6732359696703251,yeeO
b1988,3.5314616212489978,-0.20726058277315088,nac
b1991,4.71383904575011,-0.438671696760063,cobT
b1992,3.5535521232201113,-0.230970352756739,cobS
b1993,4.862795508478762,-0.4135406310193221,cobU
b1999,3.293768683016291,-0.5041846198081971,yeeP
b2001,3.962493205514241,-0.1052014609608646,yeeR
b2002,2.472735481776663,-0.04306324082353165,yeeS
b2008,4.566898353155614,-0.49770851285889983,yeeA
b2009,5.328741599171693,-0.45083914214810406,sbmC
b2010,4.216700463032676,-0.5155387030637384,dacD
b2015,4.359433717091159,-0.2969772431717081,yeeY
b2028,4.989990497263421,-0.20738991556866232,ugd
b2043,3.719255353917919,-0.4045299335676694,wcaM
b2044,3.155773217299207,-0.21834272541628624,wcaL
b2045,2.4609073369589045,-0.07342182679123928,wcaK
b2046,1.5582346408529726,-0.17423681181946202,wzxC
b2047,1.5800729155473163,-0.11509241694375172,wcaJ
b2048,2.17438001821605,-0.14355044842665438,cpsG
b2049,2.175594345653039,-0.18890925151907023,cpsB
b2050,1.6630209579542814,-0.08639942725287514,wcaI
b2051,1.087580643707234,-0.1262778370192235,gmm
b2052,1.906236672514526,-0.1084360717913328,fcl
b2053,2.1769355401753745,-0.05200969902022934,gmd
b2054,0.6258813298935838,-0.11179476140917516,wcaF
b2055,1.1229650520656544,-0.22856550532751213,wcaE
b2056,1.2171218298199344,-0.2553262050358673,wcaD
b2057,1.6562571537304298,-0.23555935562282243,wcaC
b2058,1.0408525027221167,-0.02027901160881388,wcaB
b2059,1.59236849663022,-0.07879062693774895,wcaA
b2060,1.5187033391032432,-0.10977383818869388,wzc
b2061,0.64280624765792,-0.08074728884429783,wzb
b2062,1.0550921308889256,-0.07524381695254975,wza
b2067,4.905291843680188,-0.6054425682833169,dgcE
b2068,4.380246436327233,-0.3898777928352021,alkA
b2069,4.5753501767190885,-0.13056376047298393,yegD
b2070,3.066009657039938,-0.592040873962865,yegI
b2074,4.407857755573063,-0.2891213710827685,mdtA
b2075,3.8677404827902095,-0.3780240544994956,mdtB
b2076,3.71475958835775,-0.4558478217006338,mdtC
b2077,3.1577861322684404,-0.49140613734720934,mdtD
b2078,3.615281553434902,-0.457042634848183,baeS
b2082,3.9598696741326624,-0.14805818846485136,ogrK
b2085,1.4460132049806471,-0.4674026689182895,yegR
b2086,5.288650462385512,-0.5430565712270519,yegS
b2098,3.0756088072544623,-0.31496713891501216,yegT
b2102,4.475993857199668,-0.30986892149663586,yegX
b2109,1.884589166607119,-0.3070630357413352,yehB
b2112,4.41082331870883,-0.5653966035414507,yehE
b2118,2.750759065606065,-0.5944250758402525,yehI
b2120,1.7721900973100253,-0.1073723622041056,yehM
b2121,1.5121807567437922,-0.05860403913804889,yehP
b2122,2.359330383191813,-0.3582537396419026,yehQ
b2125,5.488322492544945,-0.4893114398143247,btsR
b2126,5.338906408300391,-0.39226886528296534,btsS
b2127,5.229017756295322,-0.6390413753823135,mlrA
b2128,3.7756499684283296,-0.5295111616643379,yehW
b2129,4.2359466490423285,-0.4760416878109549,yehX
b2130,3.8298994158532222,-0.4661374508964921,yehY
b2131,5.514650901098216,-0.48757843579118665,osmF
b2135,4.287985992675252,-0.653893891541343,yohC
b2136,5.241724118905726,-0.44218612950820224,yohD
b2137,3.92814630048357,-0.5619334442025646,yohF
b2139_2,1.6172935558842156,-0.3172415900635708,NA
b2140,4.7060529585501785,-0.1560716131709735,dusC
b2142,4.398856739746665,-0.09834613640937452,yohK
b2144,5.178570377530224,-0.16709403337988457,sanA
b2145,3.3929988482467572,-0.48186305393162343,yeiS
b2146,3.4698150411905506,-0.1306716624336149,preT
b2147,3.7199885803714623,-0.17740970330045194,preA
b2148,4.980875296216178,-0.4542483521728557,mglC
b2151,4.131561627918312,-0.4384582014994446,galS
b2158,4.717550076568258,-0.3896763482640592,yeiH
b2161,1.787041246615222,-0.5151224308966473,nupX
b2162,1.2317486594089748,-0.29471151859517253,rihB
b2163,2.044963802582759,-0.565437360978863,yeiL
b2164,3.5725610156428096,-0.4788231565203745,psuT
b2165,2.563318518766196,-0.3853246970150158,psuG
b2166,1.9766220560236256,-0.3507692769079554,psuK
b2170,2.590204795832953,-0.17904128393763463,setB
b2172,4.596750077258236,-0.12527441611251866,yeiQ
b2173,5.249291443745086,-0.06491227404050605,yeiR
b2174,5.057869188385965,-0.08463569071335043,lpxT
b2176,5.071594631480442,-0.5761247526478959,pdeN
b2177,5.218343018518103,-0.4857728935749014,yejA
b2178,4.16989794437506,-0.4789540772713662,yejB
b2179,4.163305402482926,-0.5636104932314506,yejE
b2180,5.112614493514199,-0.4750076387359024,yejF
b2184,4.979221679944883,-0.11817791254914026,radD
b2190_2,4.46484529534226,-0.5616499045250142,NA
b2194,4.348468405802315,-0.1346676144883198,ccmH
b2195,4.082696196778286,-0.15899497785738037,ccmG
b2197,4.612056867247212,-0.05936954017259458,ccmE
b2212,3.451317131648868,-0.30672457081419474,alkB
b2213,4.743614521389292,-0.36019888301687736,ada
b2219,3.523395026558169,-0.4298228207065187,atoS
b2220,4.161366227643095,-0.5138359394325006,atoC
b2221,0.7525032580882282,-0.3661870918930269,atoD
b2222,0.6219283687587288,-0.2272874623030717,atoA
b2223,1.505862559175419,-0.3540843807709941,atoE
b2224,2.217712508768652,-0.5454076879450049,atoB
b2225,2.282608424409134,-0.2287027413686812,yfaP
b2226,2.3597573827371776,-0.42135732857409713,yfaQ
b2230,2.8467969253444796,-0.1383149566383167,yfaA
b2233,4.083168550377751,-0.5136755401163142,yfaL
b2240,3.223294570001737,-0.30032319217388914,glpT
b2242,2.15476732967373,-0.06064583689064724,glpB
b2243,2.3128108507233476,-0.07575984490583867,glpC
b2244,3.763927311547103,-0.5370287506694097,rpnE
b2245,3.242377224319383,-0.2149619996725827,yfaU
b2246,2.3036755703889553,-0.4848983098286137,yfaV
b2247,2.6047096508046863,-0.4828956816919306,rhmD
b2248,1.8030150008919663,-0.37047548367625305,yfaX
b2250,4.092024590093486,-0.005997844674109,yfaZ
b2251,4.59152399238823,-0.06558762936510373,nudI
b2252,2.136006690312363,-0.4079844740964215,ais
b2253,4.042459356811039,-0.463718163335006,arnB
b2254,3.447313096463603,-0.4367654526484318,arnC
b2255,4.4022183877547105,-0.3913615670415399,arnA
b2256,3.670167556560104,-0.4757114482650337,arnD
b2257,2.94024673802177,-0.5359413423170356,arnT
b2259,5.255853534293779,-0.18406368898345807,pmrD
b2269,1.710848809176705,-0.4400151966674431,elaD
b2270,2.1218142475989157,-0.28062841953305395,yfbK
b2272,2.2053194685164863,-0.23996492850956688,yfbM
b2274,2.5051040602628616,-0.3713630544239572,yfbO
b2275,3.0693057529943135,-0.32814035649667767,yfbP
b2279,5.248080960024735,-0.2035401896137753,nuoK
b2302,4.794882400507687,-0.5461071495525034,yfcG
b2305,3.682234184168375,-0.3426773048005444,rpnB
b2311,5.400740779227167,-0.21136762729908137,ubiX
b2321,5.475632749242491,-0.13272816327986575,flk
b2324,5.360502828259942,-0.16663743697004904,mnmC
b2341,5.18178588413867,-0.5755052248602366,fadJ
b2342,4.732810159268527,-0.48045740995926073,fadI
b2345,2.224732222860027,-0.41333231250398766,yfdF
b2347,4.551420480760281,-0.5716937177796427,yfdC
b2354,3.280754031246201,-0.4332462208489795,yfdK
b2360,3.424609777117876,-0.17665276149665113,yfdQ
b2364,4.7374933900424825,-0.3050603596235449,dsdC
b2365,2.3379181794084793,-0.3639561043220776,dsdX
b2367,1.3639123250936491,-0.4711250597541807,emrY
b2368,1.8713116383139936,-0.405635459052619,emrK
b2370,4.305550253250184,-0.30916210962462004,evgS
b2371,2.201045480465461,-0.4530687595380718,yfdE
b2372,1.6045332327035124,-0.30413535285333804,yfdV
b2373,2.16640134238813,-0.2348436181287974,oxc
b2374,2.3938897454484183,-0.2627730840756706,frc
b2375,1.928680045258537,-0.2025727859391702,yfdX
b2376,0.7329769920893738,-0.24854588165566427,ypdI
b2377,3.4029694336349694,-0.3021837046912919,yfdY
b2382,4.39547015170094,-0.11513532177865736,ypdC
b2383,2.5894518741352366,-0.23512426085073565,fryA
b2384,1.7945368973240692,-0.1532362112905071,ypdE
b2385,1.7852718670193262,-0.19517440348852735,ypdF
b2386,1.3513679868345811,-0.31723160304568127,fryC
b2389,3.8568925112432937,-0.4505874045571751,yfeO
b2390,3.4860368710271725,-0.4707023540475246,ypeC
b2395,5.045238805011545,-0.11997237712465007,pdeA
b2405,4.1271303552888465,-0.24162456900974777,xapR
b2406,3.454900746019924,-0.5227300899377804,xapB
b2408,3.061433368844735,-0.6201226597604228,yfeN
b2409,4.208711044764681,-0.07463763466874132,yfeR
b2419,3.2374242148047685,-0.5688605834535525,yfeK
b2420,4.614465562834583,-0.4618179819022801,yfeS
b2427,3.603044337491333,-0.15435829871674356,murR
b2430,3.851862676913666,-0.27918451467353456,yfeW
b2433,4.547797239053774,-0.17124091781333425,yfeZ
b2437,4.221191163596953,-0.2426414125903574,eutR
b2442,5.430278377717169,-0.3544406213010074,intZ
b2443,4.967913615592669,-0.5641305848029112,yffL
b2446,2.755248714984457,-0.15933005283908672,yffO
b2447,2.988715243735531,-0.2981222967977318,yffP
b2451,1.9380842985794255,-0.3101276236972223,eutA
b2452,2.3100119006549105,-0.2855819600866547,eutH
b2453,1.646609934672349,-0.15353719511292396,eutG
b2454,1.1052786235484937,-0.1097787727870084,eutJ
b2457,2.0610891746501037,-0.24032402042982665,eutM
b2458,1.738910750925795,-0.3079095973838111,eutD
b2459,1.4127456435668106,-0.32801283366331674,eutT
b2460,1.5564381660458584,-0.31814819185808746,eutQ
b2461,1.2700134181182623,-0.4176060421545067,eutP
b2466,3.624037257553475,-0.386070301883402,ypfG
b2470,3.8156412841113863,-0.1464096900182989,acrD
b2474,5.405577902041201,-0.18563645784273317,tmcA
b2482,1.844950979329638,-0.3215401659098584,hyfB
b2484,0.9952309032475696,-0.1397667048383918,hyfD
b2486,2.203736438490108,-0.30904289686878744,hyfF
b2489,2.4351318396620987,-0.12656632291447434,hyfI
b2491,2.152837456900709,-0.5557264950748028,hyfR
b2492,3.0022142583125992,-0.31469255864271606,focB
b2503,2.6816388139352867,-0.12404654675503445,pdeF
b2504,4.921209210037049,-0.4416552533354399,yfgG
b2506,3.1453997705350822,-0.27842473370286014,yfgI
b2510,2.668027161424737,-0.0062490410562724,yfgJ
b2519,3.892275049815532,-0.24205386907259968,pbpC
b2535,4.712509268406847,-0.4049160051661184,csiE
b2536,4.3398548507959465,-0.3932037983513039,hcaT
b2538,4.9514232943572605,-0.6738153786753454,hcaE
b2539,3.5414977883053034,-0.2066037271097716,hcaF
b2540,2.7185124953197417,-0.08523990946027654,hcaC
b2541,3.5280937606513,-0.2706602649638018,hcaB
b2542,3.7033870426848807,-0.2475693361611915,hcaD
b2544,3.6647989215331904,-0.4093388118121858,yphB
b2545,3.813458218146647,-0.29861743705508736,yphC
b2546,2.0330377365857437,-0.29170295649187095,yphD
b2547,1.9191022735666987,-0.44342505251731706,yphE
b2548,2.1074610432955487,-0.5799713284487131,yphF
b2549,2.1700634010479622,-0.3864972287984539,yphG
b2550,4.575484248549741,-0.424753789947939,yphH
b2558,4.413839394106067,-0.454633426004627,mltF
b2562,4.449742290516055,-0.28462970732761833,yfhL
b2575,4.965222574791386,-0.4099739058988112,yfiC
b2577,4.511157039997757,-0.5564274164566703,yfiE
b2578,3.3994618994078563,-0.6221745517367536,eamB
b2583,4.647656805588134,-0.04671401290006103,yfiP
b2586,2.602793992490833,-0.2652475436332035,yfiM
b2602,3.672713472412828,-0.6110119918815833,yfiL
b2603,4.524735774411662,-0.11617007563499242,yfiR
b2604,3.892192796146583,-0.17376687470508276,dgcN
b2605,5.169373870815299,-0.12244496642992204,yfiB
b2623,3.765938047072493,-0.3801844309983971,yfjH
b2625,1.9804902073734136,-0.3822148198071056,yfjI
b2626,1.8746841353153492,-0.3321683265928621,yfjJ
b2632,3.195257391609915,-0.28124774362406446,yfjP
b2633,1.3183941310274645,-0.2152901795490253,yfjQ
b2641_2,4.61404998431021,-0.5916774303897624,NA
b2642,4.226155858401209,-0.41440711597489105,yfjW
b2647,3.5503996910621956,-0.4973171781998378,ypjA
b2650,0.9826943328442336,-0.15876735409821136,ypjC
b2659,5.1623374000517686,-0.5014222332185562,csiD
b2660,4.969405496072508,-0.4805941159696163,lhgO
b2663,3.985544488355779,-0.602364119043851,gabP
b2664,5.164744911028582,-0.4497716114944116,csiR
b2666,2.9603789965483287,-0.14151558923082044,yqaE
b2667,3.8789493429971578,-0.21562983909505237,ygaV
b2668,4.657962991875837,-0.4502289909856258,ygaP
b2671,4.069073253379414,-0.4777668746181616,ygaC
b2673,4.779261815547208,-0.5018475916194132,nrdH
b2676,5.475257488877072,-0.6169702379150401,nrdF
b2677,5.46518072341253,-0.14048413808842194,proV
b2681_1,1.4223999892516137,-0.2072788751183544,NA
b2681_2,1.745180013075556,-0.2351227490722956,NA
b2683,5.473379066487741,-0.1194971235497742,ygaH
b2702,2.47140359905623,-0.05316879525827536,srlA
b2703,2.955877449693223,-0.07782898458884634,srlE
b2704,2.619143381878029,-0.0088954620489871,srlB
b2709,4.695365580664791,-0.06449323710721254,norR
b2710,3.482446836301346,-0.435851620000687,norV
b2711,2.6427595048697063,-0.3478620219934228,norW
b2713,2.112847043963298,-0.3337062507914051,hydN
b2714,4.484978289921947,-0.20935632394841933,ascG
b2715,3.8490287384842015,-0.19821879044753424,ascF
b2716,4.3017874408067716,-0.43500430577393534,ascB
b2717,5.424505153770515,-0.2512912447171483,hycI
b2718,3.8976982915755625,-0.22093351505961173,hycH
b2719,3.339963870134177,-0.10128325319760048,hycG
b2723,1.5296559003083232,-0.0330149492863202,hycC
b2724,1.056651788260994,-0.05049821416038978,hycB
b2725,0.8200854436369349,-0.09335382961895224,hycA
b2731,4.5555478215797365,-0.2702213449860627,fhlA
b2732,3.378302250223999,-0.3198963187803438,ygbA
b2735,5.354071388449547,-0.437415772492442,ygbI
b2736,2.904447744764611,-0.2728437825948628,ygbJ
b2737,3.3650525795526094,-0.29021270528987186,ygbK
b2738,2.9629847750974565,-0.2359599996859296,ygbL
b2739,3.1980206721804527,-0.3345799640121399,ygbM
b2740,3.0363171426749043,-0.28642783554471307,ygbN
b2749,4.8823407882430105,-0.35179612134118643,ygbE
b2753,5.259350306929931,-0.38530177104714375,iap
b2754,2.9111068101553603,-0.3962869397813985,cas2
b2755,3.9764756898089666,-0.2960304392105146,cas1
b2756,3.793702330645753,-0.3453928791688621,casE
b2757,3.974762633896124,-0.3165086346936747,casD
b2758,3.1887393417130303,-0.4573304349885265,casC
b2760,1.9722274240121211,-0.463669858278089,casA
b2761,2.8258326136150234,-0.4891008326554353,cas3
b2765,5.321133086769779,-0.00724442878929351,queD
b2768,2.6499347413007217,-0.22154364456842968,ygcP
b2769,2.3820910134235893,-0.21410803043170365,ygcQ
b2770,1.515264697000799,-0.2671380301575902,ygcR
b2771,1.5011561657647348,-0.25112576023891137,ygcS
b2774,1.2802250089616736,-0.11336390061908674,ygcW
b2775,1.375046775939493,-0.2561458284256224,yqcE
b2776,3.012257061865703,-0.4018647660581392,ygcE
b2777,4.876866159044583,-0.10225170113123142,queE
b2783,5.06601511704379,-0.258672637645249,mazE
b2785,5.0949350098586095,-0.0371747956253329,rlmD
b2786,5.533021491150452,-0.2044157865011419,barA
b2787,4.373949645107395,-0.39792752884573823,gudD
b2788,3.2124633455467126,-0.3846235966969382,gudX
b2789,2.3668140658679673,-0.367419091357627,gudP
b2791,5.473584011024135,-0.00764178544728877,truC
b2792,4.769643421646603,-0.09090024922933436,yqcC
b2799,5.260724680653557,-0.3539578994485827,fucO
b2800,3.040532883208471,-0.28138312566091295,fucA
b2801,2.1072938895042403,-0.24665006157287017,fucP
b2802,3.922645962863936,-0.19919519699734103,fucI
b2803,4.155164920644683,-0.1680725382015038,fucK
b2807,5.093317174886337,-0.17776637712947216,ygdD
b2819,5.517863957626018,-0.22482113594726044,recD
b2823,3.238232596772918,-0.3193214887838405,ppdC
b2825,3.019207966381736,-0.3697057975912029,ppdB
b2826,2.2435444245884684,-0.5603212096860882,ppdA
b2831,5.442046803729666,-0.23692133901460663,mutH
b2835,4.919482325452462,-0.25046736180718426,lplT
b2841,4.600831159426836,-0.3561029384180329,araE
b2842,4.424267662824671,-0.32861933754325917,kduD
b2843,3.3949187721322307,-0.2854590608669396,kduI
b2846,2.2356235732738217,-0.26371908078623996,yqeH
b2847,3.3101306570439206,-0.25820225776549194,yqeI
b2848,1.7770217883649095,-0.30219757860201424,yqeJ
b2852,0.935980984019448,-0.25881669068323054,ygeH
b2859,2.0845929363435785,-0.2719251182306589,ygeO
b2863,3.9638569419972383,-0.29521348782559886,ygeQ
b2866,3.576150937096372,-0.35414938681906133,xdhA
b2867,3.1096514510065556,-0.2798530859029512,xdhB
b2868,3.375108699898445,-0.3461128648533739,xdhC
b2869,5.081138225914605,-0.24181440857397168,ygeV
b2870,1.190364249421134,-0.06623183400008073,ygeW
b2872,2.8207905541864484,-0.12593588047735468,ygeY
b2873,1.9539978171253725,-0.17913288632311508,hyuA
b2874,4.14430635693233,-0.432956676707388,yqeA
b2875,3.732409237666448,-0.20761493881517443,yqeB
b2876,2.7226376217745276,-0.10422851006163825,yqeC
b2877,3.9371392143421255,-0.15403465644658684,mocA
b2878,1.8426003930882344,-0.19695820143836448,ygfK
b2879,1.3567513204532569,-0.11384390949026292,ssnA
b2881,3.402306311116911,-0.193817763096432,xdhD
b2882,2.101228401023193,-0.3987456498163861,xanQ
b2883,3.994919421315836,-0.3600618970788561,guaD
b2886,2.614174436914371,-0.2943661514703639,ygfS
b2887,2.527490628753383,-0.4508803719649013,ygfT
b2888,0.8259394684098167,-0.5247478144087704,uacT
b2889,5.324311978930459,-0.4517485017598254,idi
b2902,3.705385646598779,-0.11231836129740108,ygfF
b2917,2.1777933623081904,-0.2500528323886144,scpA
b2918,2.0390104867587096,-0.04420073880145205,argK
b2919,2.763782511659545,-0.0803690020875755,scpB
b2920,2.5031830215394684,-0.06785641234429092,scpC
b2921,3.2721152733663805,-0.4649654934936538,ygfI
b2923,5.075653117151865,-0.04236497058429999,argO
b2930,1.7559691378982327,-0.37002335922094703,yggF
b2933,1.6398141707129608,-0.487441075993926,cmtA
b2939,2.8550614318159497,-0.00669085626576664,yqgB
b2944,4.532857105247471,-0.336396348656286,yggI
b2950,1.7968165568568837,-0.1372829497626065,yggR
b2956,2.4244678367040007,-0.2519191731759978,yggM
b2958,5.060401870389061,-3.2178013227065e-4,yggN
b2964,5.329423391818365,-0.1794921204276772,nupG
b2968,2.7363433758315936,-0.33416733656029207,yghD
b2971,3.5340854070845276,-0.03750060396597518,yghG
b2972,4.865736987856789,-0.02458612954030453,pppA
b2975,4.301963566049588,-0.4969243881080465,glcA
b2979,4.803597404023162,-0.36287812001097025,glcD
b2981,1.9911058551616547,-0.4534491855444716,yghO
b2983,1.7036689205738067,-0.33625459569484273,yghQ
b2984,1.319284263241044,-0.04377945996623054,yghR
b2987,1.9555680195142744,-0.3328582977188001,pitB
b2990,3.768615742132962,-0.2180695584441665,hybG
b2998,1.3647557937159311,-0.349517999449798,yghW
b3003,4.922831609489368,-0.4437703698567879,yghA
b3013,2.8352257361386974,-0.34118193937647245,yqhG
b3020,5.145023267012507,-0.3944513069963812,ygiS
b3023,3.952794023253232,-0.22515852421851645,ygiV
b3026,4.337278185555291,-0.2249044577659309,qseC
b3039,4.471765430145353,-0.1399637959332987,ygiD
b3046_2,2.5022420856342347,-0.4714394354208089,NA
b3047,1.7905425290755896,-0.36972424282359245,yqiH
b3048,1.8315345436270287,-0.32322081278752324,yqiI
b3050,1.746077161327961,-0.2638343334047973,yqiJ
b3051,2.277491575316974,-0.2701391006694201,yqiK
b3058,4.039225120521456,-0.1775578406284915,folB
b3061,1.6681290215733873,-0.26912989705581875,ttdA
b3062,1.2427968981243782,-0.2228796289889459,ttdB
b3063,1.055879886382967,-0.42512663351289254,ttdT
b3072,4.528502477971542,-0.22302629670878696,aer
b3076,2.345890748166844,-0.1385303542372295,ebgA
b3078,1.2004619155975105,-0.26477768162703164,ygjI
b3079,0.7647773685947878,-0.23829021813834533,ygjJ
b3080,1.9981584852835896,-0.1823929245665289,ygjK
b3081,4.0365417820238,-0.49045750053858006,fadH
b3082,4.14811391551483,-0.2805658696267626,higA
b3083,3.087315486051723,-0.409824717038979,higB
b3090,3.244315014551988,-0.3878703569171264,ygjV
b3091,4.769114300468579,-0.10764832521423974,uxaA
b3093,4.352522012845134,-0.3107117432340346,exuT
b3101,2.683087070171658,-0.2128570841926302,yqjF
b3106,3.591795289101291,-0.1558050763301122,yhaK
b3107,3.4773404378616077,-0.1331701952371866,yhaL
b3113,3.0697269488206853,-0.1399759928691934,tdcF
b3114,3.0925732758770796,-0.07044686954640396,tdcE
b3115,2.42919864867646,-0.2376491708896281,tdcD
b3116,3.572913682246301,-0.3004483862268818,tdcC
b3117,1.741421174635052,-0.27718867690898863,tdcB
b3118,2.5698791122498794,-0.3450990983360733,tdcA
b3124,4.620604335027835,-0.3827505404980269,garK
b3125,5.035406607941159,-0.2990941027785047,garR
b3126,3.28941438425222,-0.2945482689333016,garL
b3127,2.091869065141795,-0.2754139352100837,garP
b3128,4.813976242874738,-0.31347331687621716,garD
b3132,2.3409440117356684,-0.15619145027206988,kbaZ
b3133,2.7115983323007895,-0.36084661800609946,agaV
b3134,1.886068677597216,-0.22795641287168045,agaW
b3135,2.8754003483545585,-0.3606956904776763,agaA
b3139,1.2018818438978929,-0.18933526016492305,agaC
b3140,1.5572211746894586,-0.34459589803695584,agaD
b3142,2.9449548327096844,-0.1389411703019163,yraH
b3144,2.9885443275893286,-0.4359013482331752,yraJ
b3145,3.3446351221457595,-0.4314106544132099,yraK
b3151,5.244875051279464,-0.15599624083904315,yraQ
b3152,3.3628603688208702,-0.24394444615260952,yraR
b3153,2.563896023694632,-0.5456964428209926,yhbO
b3154,4.437046683745253,-0.29468096832639845,yhbP
b3155,4.365638091329157,-0.17278589268713712,yhbQ
b3173,2.489702053811233,-0.36627087649894535,yhbX
b3208,5.483049151246431,-0.3323994912517291,mtgA
b3215,1.992789548189846,-0.06862153018682322,yhcA
b3216,3.3880643787106197,-0.4008559562099586,yhcD
b3219,5.107298000820801,-0.4129088206174934,yhcF
b3220,2.9052266870314134,-0.03112710264334981,yhcG
b3221,4.985480173531463,-0.4600542760055219,yhcH
b3222,4.3863545022415025,-0.2449914294236363,nanK
b3223,3.7220571596357463,-0.22127229561455372,nanE
b3224,3.236665800661628,-0.26189257927388027,nanT
b3225,4.659231230945131,-0.16927671918080653,nanA
b3227,1.731196916170771,-0.3854546580951955,dcuD
b3239,3.928543923177634,-0.6061881078287841,yhcO
b3240,3.1732078297510187,-0.11619605931148012,aaeB
b3241,3.3323972808101576,-0.09110352562882404,aaeA
b3262,3.1411840314525037,-0.47424574932827057,yhdJ
b3263,2.3487337442291696,-0.6134211398033793,yhdU
b3266,3.2055466657132214,-0.43031932986562627,acrF
b3267,2.795170478201485,-0.32628047587831965,yhdV
b3268_2,4.1992786525177,-0.642897068427049,NA
b3269,2.0579333091555396,-0.46866700201988737,yhdX
b3270,1.7669668662494868,-0.5704465754677167,yhdY
b3271,3.6824833717063377,-0.3590489366708436,yhdZ
b3280,4.815892636313133,-0.4359297288869921,yrdB
b3322,3.9797449651734738,-0.25221301952880704,gspB
b3323,2.2370444360396102,-0.5176286918773081,gspA
b3324,2.9569649234446187,-0.2507272705612183,gspC
b3325,3.283151546516154,-0.12853608186226834,gspD
b3328,1.5423306929094918,-0.14561832315862783,gspG
b3332,1.6817121589445223,-0.04240967556460299,gspK
b3333,2.348856935408514,-0.2864850173083947,gspL
b3335,2.2072918528909,-0.09431399920444554,gspO
b3338,4.5685966806442,-0.2399890609618779,chiA
b3343,5.08608935607749,-0.09245118041761734,tusB
b3344,5.249275973036653,-0.2751472176097089,tusC
b3350,4.562120521431878,-0.3889063221009922,kefB
b3351,4.373483638192634,-0.37742724259839394,kefG
b3354,3.518458974707519,-0.228887539885267,yheU
b3358,5.471548525137948,-0.30867280148632487,yhfK
b3360,4.591920964097427,-0.4483880412227385,pabA
b3361,5.340618684151801,-0.4662310297651891,fic
b3362,2.021143865203528,-0.41750045085181936,yhfG
b3369,1.2568153157859354,-0.1409128027788249,yhfL
b3370,0.6760910586881842,-0.16766165900405647,frlA
b3371,3.07393721654955,-0.01261546896453102,frlB
b3376,2.844489559227267,-0.01190897269764624,yhfS
b3379,1.662377764461918,-0.01372353343033144,php
b3380,1.4169361979699755,-0.14545219425403172,yhfW
b3381,1.2419912504688486,-0.22123304691705112,yhfX
b3382,2.858735557266012,-0.27591664436799024,yhfY
b3383,4.151377756620321,-0.19351496746929453,yhfZ
b3391,2.6826321229617935,-0.2777803131061324,hofQ
b3395,3.149804120823479,-0.21825069085690896,hofM
b3396,5.536473791892814,-0.13680629079024087,mrcA
b3402,4.525460629618452,-0.25778366297972893,yhgE
b3411,3.403632457020591,-0.3273688110958182,rpnA
b3421,4.241738129772371,-0.2825085531683141,rtcB
b3423_1,2.7360516163068835,-0.10486530281604368,NA
b3425,5.297404692087643,-0.4223618730087599,glpE
b3426,4.770162124391493,-0.2563751155769329,glpD
b3434,4.334342509445075,-0.2173375669414351,yhgN
b3439,5.227716664529829,-0.1900771089260012,yhhW
b3442,0.8196978407617155,-0.37859479211362534,yhhZ
b3446,2.074694116865547,-0.3618686060429218,yrhB
b3448,5.45404457919266,-0.40948929467851225,yhhA
b3450,5.302118840265193,-0.33065578436253534,ugpC
b3451,3.5806983689784033,-0.4703268338087362,ugpE
b3452,3.266779368821578,-0.454284738408284,ugpA
b3470,5.19962375328651,-0.3959128306916517,tusA
b3471,5.003490767535172,-0.4176990434246683,yhhQ
b3474,3.741322694362094,-0.4810525272883652,yhhT
b3482,3.111037724414087,-0.09468474567404137,rhsB
b3484,1.483362818873426,-0.40681354820885907,yhhI
b3488,2.6412004787102292,-0.5576419971900329,yhiJ
b3491,3.1063767211648647,-0.4474041522765954,yhiM
b3494,5.0200981989391025,-0.5465566593011089,uspB
b3496,4.457838644953995,-0.2499693491282839,dtpB
b3501,3.4856693587009273,-0.09584626742241915,arsR
b3503,3.784972683025885,-0.04116756392294367,arsC
b3507,2.5900143964968043,-0.3647290367454381,dctR
b3508,3.4778385066317963,-0.4320830553193448,yhiD
b3512,4.632389627028068,-0.3691911309394242,gadE
b3513,3.7698600735368113,-0.33114099986930373,mdtE
b3514,4.065142963809779,-0.3344463155548513,mdtF
b3519,5.506030249503007,-0.48101163044125705,treF
b3520,3.690418292539427,-0.5469572099389489,yhjB
b3521,4.848195268721552,-0.00482506092994804,yhjC
b3524,5.241575014143903,-0.49159611961034505,yhjG
b3525,3.3580174825237483,-0.0858867637222355,pdeH
b3529,5.153089613624637,-0.518814198720707,pdeK
b3530,4.7305342252166485,-0.5368010825238045,bcsC
b3531,3.426840563962364,-0.20933626754689424,bcsZ
b3532,3.780477623164824,-0.18970760119234367,bcsB
b3533,2.90287779240063,-0.29081886124340883,bcsA
b3534,4.341438598395069,-0.2498057664214721,bcsQ
b3535,2.7007317064680163,-0.3649854147487518,yhjR
b3539,4.157139572009295,-0.13074411290634436,yhjV
b3546,5.296367796265337,-0.46956109195984863,eptB
b3547,2.5326138036211523,-0.5340201536432799,yhjX
b3550,4.8166283645106756,-0.31178486268538663,yiaC
b3557,3.354527922247682,-0.4748175468147854,insJ
b3558,2.7839013618510555,-0.3491624675220179,insK
b3561,3.4304970804357957,-0.4910979514689104,wecH
b3562,1.8219120462599523,-0.19577197407670857,yiaA
b3563,1.4729137108326236,-0.21938150752574695,yiaB
b3564,3.915862263207059,-0.13355501508878484,xylB
b3565,5.066884071583583,-0.1943449237548275,xylA
b3566,3.6959779629620018,-0.2984809490725543,xylF
b3567,3.4360832618345984,-0.2101750925775675,xylG
b3568,3.411319673430503,-0.17747922263961183,xylH
b3569,5.47984891569205,-0.03649359553478173,xylR
b3571,3.84292224245068,-0.2166125165985251,malS
b3575,2.4956064356819825,-0.3261700179383184,yiaK
b3576,1.095033038275144,-0.34547500873073667,yiaL
b3577,0.7312689479406721,-0.1921453531336294,yiaM
b3578,1.0401727124237334,-0.23460275493813945,yiaN
b3579,1.4851897124824402,-0.2729863946630648,yiaO
b3580,2.3502619480320575,-0.1616374998951851,lyxK
b3581,1.921752444454618,-0.2592054159995531,sgbH
b3582,2.5332506227882865,-0.1830507295608398,sgbU
b3583,3.54172595260376,-0.29469988253383866,sgbE
b3584,2.449737052752434,-0.5003957503109578,yiaT
b3585,4.170879267351578,-0.5618278650921489,yiaU
b3586,2.0495747836257316,-0.5825394011556071,yiaV
b3588,4.630841250572436,-0.6024020588903592,aldB
b3589,0.9120079637338508,-0.32095639104308227,yiaY
b3593,3.0095589418926263,-0.0216309447143224,rhsA
b3594,3.4694962417513926,-0.5123836158624907,yibA
b3595,2.720999009292584,-0.25672437067866843,yibJ
b3597,3.6393545236325577,-0.5332969038228864,yibH
b3598,3.2820518467126627,-0.4297470208421408,yibI
b3603,5.0452492955512165,-0.5337273792026912,lldP
b3604,4.443839710327237,-0.49325851814087135,lldR
b3605,5.239001562198542,-0.45086928901111023,lldD
b3614,5.4522091587839405,-0.2221297700425775,yibQ
b3615,1.8989224139349472,-0.47927880739854434,waaH
b3635,4.309132763145121,-0.14095420110837778,mutM
b3638,4.077606726473957,-0.33527231938634033,yicR
b3645,3.626993283865727,-0.402340920055013,dinD
b3647,2.9604472679373135,-0.4012717286688105,ligB
b3653,5.566329978897515,-0.170273293527317,gltS
b3656,3.73862095575482,-0.01264545276948315,yicI
b3657,2.288224444535268,-0.03825421659705957,yicJ
b3659,1.6138958974130468,-0.42048647680139567,setC
b3660,5.046016619547823,-0.31851514714457924,yicL
b3664,1.752429196871532,-0.5288861466850823,adeQ
b3665,4.188652495678354,-0.19044595513357093,adeD
b3666,3.18108943470009,-0.21671578761603433,uhpT
b3667,3.8821687470813737,-0.2713609498890745,uhpC
b3668,4.679064982159972,-0.17782491874504844,uhpB
b3672,1.373208136864225,-0.2631528512402311,ivbL
b3674,4.464811996653204,-0.1468654189621231,yidF
b3675,3.3208727846688997,-0.16198657180035114,yidG
b3676,3.998831238233562,-0.4446904781427315,yidH
b3677,4.407622221856368,-0.20010395965128208,yidI
b3678,2.5938526532892823,-0.3368988610371449,yidJ
b3679,1.7745583072101625,-0.21376735727722104,yidK
b3680,3.126948309536303,-0.5689993032408329,yidL
b3683,1.3140715893553503,-0.36394811075361816,glvC
b3684,2.162837884323401,-0.15750060748296524,yidP
b3686,4.756093083964785,-0.18363695438250685,ibpB
b3690,2.7194057199096395,-0.44359826623129905,cbrA
b3691,2.635949422479405,-0.4261449739590829,dgoT
b3693,3.722978566073439,-0.4640331080527416,dgoK
b3696,4.431210325567079,-0.5015109142295695,yidX
b3703,5.236928440708474,-0.1902510151592444,rpmH
b3708,4.679258928108163,-0.28025624490938944,tnaA
b3709,2.4867588784105283,-0.3387886926371719,tnaB
b3710,2.7572690208852526,-0.0946190220735254,mdtL
b3716,3.337885781209723,-0.46171983236838415,cbrB
b3717,4.46252906833499,-0.3132690975405248,cbrC
b3718,2.8166732621803563,-0.1893064556164129,yieK
b3719,2.259605298869576,-0.2710916317979312,yieL
b3720,1.6913974937479888,-0.34878788045461595,bglH
b3721,1.751264502787734,-0.1692268824218805,bglB
b3722,1.3589623196547556,-0.33706930018207204,bglF
b3723,1.456413219339311,-0.3558365443933923,bglG
b3726,5.54240791898216,-0.14061594862215973,pstA
b3745,5.502850352787122,-0.07627635104440013,viaA
b3747,5.344206994365681,-0.07060701959959434,kup
b3753,4.754469901026427,-0.19472018428809248,rbsR
b3765,2.993506278628058,-0.3241381050054177,yifB
b3766,3.3303987841901055,-0.1228262501183657,ilvL
b3777_2,4.026511388637944,-0.25013356516414686,NA
b3793,4.276292165205925,-0.12790799707761483,wzyE
b3800,2.7385331576680785,-0.28127362505388354,aslB
b3801,3.3776697936944897,-0.24872792009306177,aslA
b3827,4.817415829591097,-0.3433870851406128,bioP
b3832,5.003968237284363,-0.00884200364578658,rmuC
b3845,4.886994102548419,-0.5233616646557392,fadA
b3846,4.935337742628706,-0.4974879066934345,fadB
b3856,4.529440573804128,-0.12593042774273042,mobB
b3862,4.372081274385288,-0.2978518657290887,yihG
b3872,3.7641973996945697,-0.01264997275128772,yihL
b3873,4.248096381662675,-0.38121218438570065,yihM
b3874,2.5081522364302664,-0.2804134957716913,yihN
b3875,1.135486913723245,-0.3095797657970521,ompL
b3876,1.7684340075795215,-0.42361947389280696,yihO
b3877,1.7295699500744324,-0.18800520126627024,yihP
b3878,1.6851998664361465,-0.21014225308499232,yihQ
b3879,1.8091112462454533,-0.29989547606994443,yihR
b3880,3.663541046124164,-0.19483466267808144,yihS
b3881,2.6912919275582974,-0.22895870758004264,yihT
b3882,2.1797880002886147,-0.15321885587199816,yihU
b3883,3.886065083624737,-0.12621749614573743,yihV
b3896,2.2946859498544443,-0.18685495787060685,yiiG
b3897,1.822032184313596,-0.2683692467262091,frvR
b3898,3.151624925313185,-0.19814352117216413,frvX
b3899,1.3347454615774434,-0.4225524755445336,frvB
b3904,1.065521441153417,-0.01678458334308263,rhaB
b3905,2.8614834336581088,-0.4008921004498699,rhaS
b3906,2.637168447431213,-0.34606231153734635,rhaR
b3907,2.76474181503779,-0.6507707549173348,rhaT
b3909,3.6281819711449015,-0.3017167958479473,kdgT
b3921,4.830342047852472,-0.22360290968481264,yiiR
b3927,3.8007804349092926,-0.40797991389779614,glpF
b3935,5.481183908913841,-0.05758436062198618,priA
b3946,2.729782293038599,-0.07126315809856822,fsaB
b3947,2.069599695840025,-0.02481623033651055,ptsA
b3949,1.429495225371346,-0.20097675540368967,frwC
b3951,3.122531500431333,-0.21141212046940389,pflD
b3952,2.5874444097752716,-0.2685276450947885,pflC
b3954,4.807019070858374,-0.15082604995381613,yijO
b4004,3.5266078830749534,-0.11015482472161452,zraR
b4012,3.660194455264102,-0.2910601743223954,yjaB
b4017,1.2380774614373662,-0.3970313697116342,arpA
b4026,3.4773353674308094,-0.03803349510491929,yjbE
b4029,3.1749467507400064,-0.4865187369206235,yjbH
b4031,3.152476975494369,-0.1322375642139057,xylE
b4032,4.202465613213997,-0.20331069627551407,malG
b4033,4.678127790769916,-0.18990558373360156,malF
b4035,4.546725881062217,-0.17516721883006114,malK
b4038_3,0.8685758963408508,-0.27374133671533674,NA
b4045,4.078237646621928,-0.4462690013885902,yjbJ
b4050,2.280433615936807,-0.420315848990945,pspG
b4055,5.036003795985721,-0.0661603961587798,aphA
b4060,5.112690777535893,-0.0379985403144223,yjcB
b4061,3.844153549904638,-0.6222323818441363,pdeC
b4063,4.258622015346337,-0.21845835742627487,soxR
b4066,1.0736726135949972,-0.4701267579469864,yjcF
b4067,5.5304960447266325,-0.5134015072920224,actP
b4068,4.796890862256854,-0.557356662172594,yjcH
b4074,1.8729563708856691,-0.2053556113221972,nrfE
b4076,2.3697106248865025,-0.26762763862716493,nrfG
b4081,1.2996608066628912,-0.02335703396997475,mdtO
b4082,0.9729671347884836,-0.1241869471274011,mdtN
b4083,1.2250017069326675,-0.1204359318467694,yjcS
b4084,3.182230930385608,-0.393048565573376,alsK
b4085,3.087209093153508,-0.39709451619028974,alsE
b4086,1.816199905389881,-0.2537638054647387,alsC
b4087,1.7603409134324235,-0.34882807136907157,alsA
b4088,3.840055756739707,-0.36017215597963903,alsB
b4090,3.3214731063945875,-0.44149616946147147,rpiB
b4092,4.048114668879577,-0.38039302389318697,phnP
b4093,4.0505046699998895,-0.4127228752864491,phnO
b4094,2.2207371989343736,-0.24740015700810128,phnN
b4096,1.2801971329870232,-0.3477693591757379,phnL
b4098,0.8031091812065205,-0.03967885437453749,phnJ
b4099,0.7646226399733064,-0.05628556752075075,phnI
b4102,0.5395068881661561,-0.03248015964255547,phnF
b4105,1.358961270267708,-0.2276712479954557,phnD
b4106,0.6562420016977679,-0.16910267416098312,phnC
b4107,4.805782040830059,-0.6425615089177239,yjdN
b4109,4.423452248577838,-0.02226071585809298,crfC
b4110,3.7262138826372686,-0.00433641610520875,yjcZ
b4112,4.9889159175072715,-0.14268991516455534,basS
b4114,2.9994149961297505,-0.3160832892001291,eptA
b4115,2.1829103480356484,-3.2446848911585e-4,adiC
b4117,2.717630167999008,-0.10745936501778008,adiA
b4118,4.898125479447183,-0.29707645570446645,melR
b4119,4.196611150862336,-0.2730128214902479,melA
b4120,3.3033497350290264,-0.320705323782335,melB
b4121,4.464110273111067,-0.12925562439048718,yjdF
b4126,2.1649124624447253,-0.4828394375978036,yjdI
b4127,3.6090738152407726,-0.4563083234275811,yjdJ
b4130,3.2586774277825588,-0.30729258595113224,dtpC
b4131,1.7186053414348772,-0.2321040759837831,cadA
b4132,1.0030370953522592,-0.11294429162346148,cadB
b4148,4.5265173777918,-0.18100258029942312,gdx
b4149,5.121150192925903,-0.4394602032278362,blc
b4155,5.233571637995391,-0.36258450507456547,epmA
b4156,2.6310816084763875,-0.07539092089742572,yjeM
b4159,5.388521062245874,-0.16528911503266466,mscM
b4182,1.7663332037941828,-0.02347826191797535,yjfJ
b4186,2.023674344869686,-0.2882079678504632,yjfC
b4187,4.493582012656574,-0.4818028516982554,aidB
b4188,3.2228346509930477,-0.2790532122348617,yjfN
b4189,5.198126723047814,-0.3838792891497692,bsmA
b4190,5.101151541382714,-0.16349309719479557,yjfP
b4193,2.0686777639153417,-0.18008044943943488,ulaA
b4196,3.981427410759152,-0.25171867946335347,ulaD
b4197,3.338515892184169,-0.0111775439298385,ulaE
b4199,1.9401853026840552,-0.47284507395849046,yjfY
b4204,2.248744942474163,-0.1382497814662809,yjfZ
b4210,3.920363299004684,-0.4451840039951584,ytfF
b4212,3.673951073912162,-0.38586407017106433,ytfH
b4215,1.9670499299776696,-0.44483277163603147,ytfI
b4216,4.391920850036024,-0.34532274502011273,ytfJ
b4217,5.304717286571104,-0.5954602193477856,ytfK
b4224,3.55475469091585,-0.32456155999461966,chpS
b4225,3.703497001875458,-0.17617279649983433,chpB
b4227,5.284517161737744,-0.49331253630418714,ytfQ
b4230,2.8705139042016117,-0.41610047171336806,ytfT
b4231,3.4910155305726014,-0.4771020301014668,yjfF
b4237,3.839344686567383,-0.14224348777156046,nrdG
b4239,3.8074362852928534,-0.06626006516181929,treC
b4240,4.319859130156966,-0.0832979764649055,treB
b4246,3.101566827741872,-0.23988443546066116,pyrL
b4248,4.017746677048877,-0.3967128052487818,yjgH
b4251,5.1766354711214575,-0.3803160322845777,bdcR
b4253,3.605917833717296,-0.4445918053993829,yjgL
b4257,1.6032875368659372,-0.29395490795921747,yjgN
b4264,5.397043480316485,-0.46240230640928304,idnR
b4265,3.887540364844398,-0.2566677454503937,idnT
b4266,3.667331350394941,-0.3363001225758963,idnO
b4267,3.358810013123516,-0.3764933002004545,idnD
b4268,2.834819700230132,-0.5294316951376151,idnK
b4269,5.368063356071385,-0.47808437785807006,ahr
b4278,5.059060544114598,-0.2016613707113448,insG
b4279,3.539466063430654,-0.5953508079863452,yjhB
b4280,4.840514597177067,-0.48907797120826474,yjhC
b4287,4.571874439871108,-0.04654562453187932,fecE
b4294,4.489421230242426,-0.15572563972209344,insA-7
b4296,2.2999883889906063,-0.29803017513706886,yjhF
b4297,4.063762538435152,-0.4377555978507968,yjhG
b4298,3.155119970384657,-0.4475182838090589,yjhH
b4299,2.28433378881662,-0.5391789672246451,yjhI
b4300,4.074419259392818,-0.5167404387034448,sgcR
b4301,3.603936334564605,-0.37222014060957265,sgcE
b4302,3.7541578833281783,-0.3997344754908596,sgcA
b4303,3.4274401269561032,-0.4908258697570495,sgcQ
b4304,3.1062585424204867,-0.46813555560488906,sgcC
b4305,3.130647863147847,-0.5154583364231689,sgcX
b4307,3.1225709185704225,-0.02541582463346731,yjhQ
b4308_2,2.392864505269605,-0.36025366284625654,NA
b4309,2.54154557033555,-0.49120010308606366,nanS
b4310,4.2162400902825174,-0.3966004333776651,nanM
b4311,1.4189264159805617,-0.29847937965970717,nanC
b4313,3.073937998778416,-0.3294381348300256,fimE
b4316,5.4155330514274835,-0.12828749928889296,fimC
b4317,4.299273623504137,-0.18950491433031957,fimD
b4318,3.5834302279438197,-0.2051978179892731,fimF
b4319,3.817706968862906,-0.19518846894940123,fimG
b4320,4.645306769691043,-0.31024569956247433,fimH
b4321,3.5262619557412567,-0.22919002469468744,gntP
b4322,5.271661282188825,-0.03835579007549045,uxuA
b4323,4.804458519401862,-0.00423643721311462,uxuB
b4325,0.9868238165427526,-0.14047709401109373,yjiC
b4326,3.522982614138798,-0.16281770671334334,iraD
b4329,2.099856779115966,-0.01725037120101796,yjiG
b4331,4.524657170219789,-0.26570107195271014,kptA
b4332,2.888357422627709,-0.4804672729420485,yjiJ
b4333,3.203534314062495,-0.2067474547377738,yjiK
b4334,2.854205517036389,-0.06789749163174941,yjiL
b4336,4.472511838251334,-0.3317587393892562,yjiN
b4339,4.060429369143006,-0.3688549364316867,NA
b4340,4.655319007261888,-0.3905276099052459,yjiR
b4345,3.448193276321524,-0.23401950442276503,mcrC
b4346,5.470076588902244,-0.15283718729448273,mcrB
b4353,3.4465809098569307,-0.2079729864356286,yjiX
b4355,5.090961420603262,-0.07988682446977219,tsr
b4356,3.413485412014033,-0.3286817910518853,lgoT
b4357,4.135253952238104,-0.3497690296807623,lgoR
b4358,1.1423275830145398,-0.2991154176781807,lgoD
b4366,2.0257746365218097,-0.2254595453002407,bglJ
b4377,4.853440713733584,-0.4999198709608986,yjjU
b4378,3.539976255129199,-0.3767540804110581,yjjV
b4399,4.6707412864491165,-0.31989116012795266,creC
b4400,3.222730434959917,-0.6497300104993398,creD
b4409,2.745415779232997,-0.04948294903727202,blr
b4410,1.4797228024591933,-0.04657321561333946,ecnA
b4411,4.848414167630717,-0.4741746173372278,ecnB
b4428,2.823959015018179,-0.3294319693575308,hokB
b4460,3.73375651754537,-0.548466476338172,araH
b4462,1.068351963544631,-0.4525750262316566,ygaQ
b4463,2.8496840756961346,-0.2260528308489176,ygcU
b4464,3.681055653724545,-0.5388758066018808,ghxQ
b4465,2.1108211890018937,-0.32329668617433993,yggP
b4467,5.396623100184778,-0.36384669091232186,glcF
b4468,4.4753062097392915,-0.3965375905794658,glcE
b4471,3.3578284405189742,-0.35422937233708623,tdcG
b4473,5.073599081805952,-0.3065152541843077,smf
b4474,2.8719716412869385,-0.0653735558627797,frlC
b4475,4.181911274566281,-0.08865090805428057,rtcA
b4477,2.493090980083155,-0.2782207505921647,dgoA
b4478,3.5429061166978064,-0.5655028499362091,dgoD
b4479,5.4032795781518725,-0.12949205259347307,dgoR
b4482,2.633449239256711,-0.1101605340020835,yigE
b4485,3.836550318331702,-0.4248329078498969,ytfR
b4486,4.395698408415009,-0.4443822361719544,yjiV
b4487,4.361925449290566,-0.43120978190751735,yjdP
b4491_1,3.4368313225150606,-0.4771101713344351,NA
b4492_1,3.473022154182675,-0.46483864531235247,NA
b4492_3,5.50624262791229,-0.3342895773465915,NA
b4495_1,1.0407548116398608,-0.06153835695329135,NA
b4495_2,1.153165887599889,-0.17818365763170504,NA
b4496_1,3.5658887613273342,-0.5952965643487428,NA
b4496_2,3.498885869673463,-0.5750083929627927,NA
b4497,1.6450577681134555,-0.34446835682962273,yeeL
b4498_2,0.760681958974152,-0.3136735074162036,NA
b4499_1,3.0216718327461245,-0.4414890163107544,NA
b4500,2.225911372304135,-0.3344215729618874,yfaS
b4501,2.261073802774551,-0.1575725387497837,torI
b4505,5.357139944803167,-0.19514038189290955,NA
b4511,2.7433256856293924,-0.23867768539034717,ybdZ
b4512,2.7738634015801655,-0.49060161570768906,ybdD
b4515,1.977797851005774,-0.03677964830743715,cydX
b4517,4.626840870541547,-0.03717098660432764,gnsA
b4518,2.9939329321202006,-0.4675320317530791,ymdF
b4519,1.2691294074861268,-0.2494316645522756,icdC
b4522,3.141797995759354,-0.39162872021567696,ymiA
b4523,4.0055482103891755,-0.3423528182367516,yciX
b4536,4.476575477222164,-0.41696630509132304,yobH
b4539,5.066973930555465,-0.4774586627887654,yoeB
b4543,2.5784393466890045,-0.3488215157663749,ypaA
b4544,2.277511512918731,-0.5121351191147608,arnE
b4546,3.163080272853909,-0.02079225315875317,ypeB
b4547,4.7709005901066055,-0.2542116176719704,ypfN
b4550,3.5334195837152858,-0.5980690407339434,arfA
b4551,3.632394053091883,-0.3238084307680508,yheV
b4553,2.5937484918180056,-0.4752002972502205,ysaB
b4554,5.433063734811304,-0.2773013606223045,yibT
b4555,2.6835520887199213,-0.4870132340945069,yicS
b4556,3.3444110362990385,-0.01519480278846776,NA
b4565,1.6210326607959231,-0.5152094404528428,sgcB
b4567,2.14687512968894,-0.28927495505081147,yjjZ
b4568,3.400530327896213,-0.35891899871534133,ytjA
b4571_2,5.370247655387647,-0.3031989623350462,NA
b4572,2.2412605235143968,-0.3382918304973414,ylbE
b4575_2,5.130913783328987,-0.3133117322298244,NA
b4576,3.0157648419901877,-0.14389477021010058,NA
b4580_1,2.865420717762199,-0.36905306386067016,NA
b4580_2,4.14655932178438,-0.4024905233523214,NA
b4581_2,4.617991990906092,-0.49000760544562166,NA
b4582_1,3.371025862605107,-0.17788702593621403,NA
b4582_2,2.5613444677766255,-0.4286759748796674,NA
b4587_1,3.671355270332283,-0.21782674694457513,NA
b4587_2,4.925041926710245,-0.2918742137353005,NA
b4596,4.579068811240692,-0.1588244181272361,yciZ
b4600_2,1.7731182532479388,-0.4977093635996463,NA
b4620,2.266590085023393,-0.2658517960128586,yjbT
b4623_1,3.560832858653989,-0.3978097072616029,NA
b4633,3.7552568325819697,-0.19005878085669264,xisD
b4634,1.043167447208241,-0.04562381447501935,aaaD
b4640_1,4.658205918620528,-0.1533654977831092,NA
b4641,1.9094207453659415,-0.2422714947097155,NA
b4646_2,2.7107210291604567,-0.24721980902244212,NA
b4656,5.330607628263313,-0.4757853501549352,NA
b4658_1,3.70284925577039,-0.6991659210871751,NA
b4658_2,3.06439444395583,-0.7550622608400187,NA
b4659_1,5.424067978859276,-0.46471453073833696,NA
b4660_1,1.125855831697311,-0.45491924296118347,NA
b4661,3.3491998031760417,-0.4802854778112328,yfcU
b4662,1.4855117740989674,-0.09280177146232228,sgrT
b4686,1.825649831558962,-0.19703975050984116,yshB
b4688,2.1932107757225574,-0.2647914342630499,ykgS
b4693,2.1752302754737247,-0.5024913913831466,aaaE
b4696_1,2.725115179140534,-0.6150751464685847,NA
b4696_2,3.2469757321818613,-0.6160331157973796,NA
b4705,3.086399705931251,-0.23034859971865135,mntS
