locus_tag,GCI,gene_name
b0002,-0.0364443409782808,thrA
b0003,-0.032872636581347335,thrB
b0004,-0.01591733768076687,thrC
b0005,-0.0318642449329169,yaaX
b0010,-0.42795424728417547,satP
b0011,-0.3564775077152715,yaaW
b0014,-0.07797128373522033,dnaK
b0015,-0.01666348607696495,dnaJ
b0016,-0.17628971877690808,insL-1
b0018,-0.32088750068208427,mokC
b0019,-0.4532724796084211,nhaA
b0020,-0.43558710499302905,nhaR
b0022,-0.1594226994102029,insA-1
b0032,-0.10658598697011733,carA
b0036,-0.005710309797446004,caiD
b0037,-0.10202293356861039,caiC
b0040,-0.3243630188912114,caiT
b0041,-0.34779136952274975,fixA
b0043,-0.3443103924059738,fixC
b0045,-0.4624398280189735,yaaU
b0046,-0.22323900120411805,kefF
b0047,-0.17260004889034344,kefC
b0048,-0.36700715828204034,folA
b0049,-0.2985923016141384,apaH
b0050,-0.5632765544958743,apaG
b0051,-0.302266975179751,rsmA
b0052,-0.04048885267276073,pdxA
b0054,-0.1313213556989471,lptD
b0060,-0.3666773231034064,polB
b0061,-0.1864863341199617,araD
b0062,-0.14337476944717048,araA
b0063,-0.14171146814731728,araB
b0064,-0.16873622260782017,araC
b0065,-0.3357366728280978,yabI
b0066,-0.24141599212172957,thiQ
b0067,-0.2320026203658937,thiP
b0068,-0.29945634965586704,thiB
b0070,-0.21516356814996296,setA
b0071,-0.5244203183939862,leuD
b0072,-0.454366489507008,leuC
b0073,-0.422996103048501,leuB
b0074,-0.5003667092197216,leuA
b0076,-0.13452646193391102,leuO
b0077,-0.28040969449729447,ilvI
b0078,-0.24012159352355558,ilvH
b0080,-0.07183526989128637,cra
b0089,-0.07982741147647363,ftsW
b0092,-0.006761420495297179,ddlB
b0096,-0.3315169870585842,lpxC
b0101,-0.40990212541265164,yacG
b0106,-0.38015535278951756,hofC
b0107,-0.07666167323131341,hofB
b0110,-0.12488012954159086,ampD
b0111,-0.06782482756669417,ampE
b0112,-0.3950650093623848,aroP
b0113,-0.2226341071333239,pdhR
b0117,-0.5033810358923333,yacH
b0118,-0.18803996530765413,acnB
b0122,-0.33873760050440865,yacC
b0124,-0.3480840862819797,gcd
b0126,-0.24091183084783735,can
b0128,-0.24323634952219658,yadH
b0129,-0.22744301341915743,yadI
b0130,-0.15639741186902795,yadE
b0131,-0.02197796806036181,panD
b0132,-0.3635183886116634,rpnC
b0135,-0.3425436377089115,yadC
b0137,-0.4854005420640674,yadL
b0139,-0.5697859519007251,htrE
b0142,-0.22369024600588558,folK
b0144,-0.15056549845401898,gluQ
b0146,-0.5312694407142631,sfsA
b0150,-0.25026813925026575,fhuA
b0151,-0.1500817621248731,fhuC
b0152,-0.24085132993609273,fhuD
b0153,-0.10525509204542469,fhuB
b0156,-0.46174304646012476,erpA
b0157,-0.0902088870886071,yadS
b0160,-0.11175651625185222,dgt
b0162,-0.4463699888289012,cdaR
b0163,-0.3580812669177745,yaeH
b0164,-0.006121897923709951,yaeI
b0174,-0.2086129676426847,ispU
b0175,-0.2383898755418882,cdsA
b0176,-0.32178003949693,rseP
b0186,-0.385070304456732,ldcC
b0187,-0.37632958690070084,yaeR
b0188,-0.07406729125984365,tilS
b0189,-0.18564123032942698,rof
b0191,-0.13017201593298244,arfB
b0192,-0.359414881524764,nlpE
b0193,-0.29834356548240715,yaeF
b0197,-0.3423903109485042,metQ
b0198,-0.47603865887527497,metI
b0199,-0.39430617695523085,metN
b0207,-0.1440906915227749,dkgB
b0208,-0.20227784485342648,yafC
b0209,-0.5063364643514663,yafD
b0210,-0.16973883620607125,yafE
b0211,-0.04074110824708875,mltD
b0212,-0.35004196520457054,gloB
b0213,-0.3727496374797409,yafS
b0215,-0.1699439313333357,dnaQ
b0217,-0.1196342208971035,yafT
b0219,-0.4093485065355275,yafV
b0220,-0.4014616513107948,ivy
b0221,-0.4205072030187289,fadE
b0224,-0.489876132588954,yafK
b0225,-0.4813017235915975,yafQ
b0226,-0.4216817251517633,dinJ
b0227,-0.5990328601695243,yafL
b0228,-0.5508070303295299,rayT
b0229,-0.466736323852068,lfhA
b0230,-0.5331288468109672,lafU
b0231,-0.44479483146836596,dinB
b0232,-0.49832254570131884,yafN
b0233,-0.43758013773184484,yafO
b0234,-0.5407072064263158,yafP
b0238,-0.026762514418029952,gpt
b0240_2,-0.3911726596781799,NA
b0241,-0.0345651588111444,phoE
b0250,-0.4926939082924672,ykfB
b0251,-0.02465310494470198,yafY
b0252,-0.6274087413288879,yafZ
b0253,-0.5075750718113223,ykfA
b0254,-0.548115814501262,perR
b0258,-0.5152675380099303,ykfC
b0260,-0.5588682086619012,mmuP
b0261,-0.4417086684949548,mmuM
b0262,-0.0892398622440907,afuC
b0265,-0.27704355729280894,insA-2
b0266,-0.33736853201981404,yagB
b0267,-0.07278850195084557,yagA
b0269,-0.014282036210234031,yagF
b0270,-0.1263274784046439,yagG
b0271,-0.05384065383880829,yagH
b0273,-0.08214930864978241,argF
b0275,-0.23949266317238832,insA-3
b0276,-0.39853542439470535,yagJ
b0277,-0.342616856801257,yagK
b0278,-0.18774985342400255,yagL
b0280,-0.5018077692520471,yagN
b0281,-0.13796552774221274,intF
b0283,-0.5161141267051595,paoD
b0284,-0.5838570321338442,paoC
b0285,-0.411338688243053,paoB
b0286,-0.5116068684180058,paoA
b0288,-0.2945191829478416,ykgJ
b0289,-0.5086173708646641,ecpE
b0290,-0.3590074247487885,ecpD
b0291,-0.3877808728372452,ecpC
b0292,-0.25505836286708117,ecpB
b0293,-0.24419558913481088,ecpA
b0294,-0.4064548046037177,ecpR
b0295,-0.2098654204180218,ykgL
b0296,-0.07834407183235939,ykgM
b0300,-0.5443948865373858,ykgA
b0304,-0.41946448115798457,rclA
b0305,-0.23573823692536866,rclR
b0307,-0.19302649304451547,ykgF
b0308,-0.14765584988237157,ykgG
b0313,-0.05101741985237234,betI
b0314,-0.2122560885013044,betT
b0316,-0.4201614147235306,yahB
b0318,-0.38825981610132,yahD
b0320,-0.3175357513960338,yahF
b0321,-0.18090969515024743,yahG
b0323,-0.18700957149628145,yahI
b0325,-0.4091049928764716,yahK
b0328,-0.16729569523280943,yahN
b0329,-0.6498513167787346,yahO
b0330,-0.3948925534873229,prpR
b0331,-0.6099558953782516,prpB
b0333,-0.5944032203008279,prpC
b0334,-0.5501293729764961,prpD
b0335,-0.5778575235857797,prpE
b0336,-0.027492887626230835,codB
b0338,-0.1606102372417272,cynR
b0339,-0.6180803879833012,cynT
b0340,-0.5968574800671119,cynS
b0341,-0.2857229531576502,cynX
b0342,-0.30239084352243223,lacA
b0343,-0.18524920688979915,lacY
b0345,-0.3759133605731643,lacI
b0346,-0.36786931764458103,mhpR
b0347,-0.32613495002486015,mhpA
b0348,-0.29748651887188987,mhpB
b0349,-0.3156071594509984,mhpC
b0350,-0.3503682490364496,mhpD
b0351,-0.22147087547677058,mhpF
b0352,-0.3708851516036628,mhpE
b0353,-0.5625274713913436,mhpT
b0354,-0.053323198281578894,yaiL
b0356,-0.027463361717226204,frmA
b0357,-0.09164677860678384,frmR
b0358,-0.6563973373417642,yaiO
b0363,-0.5641078046479395,yaiP
b0365,-0.516394602512773,tauA
b0366,-0.46005001350838665,tauB
b0367,-0.4022642760842764,tauC
b0368,-0.37623821343690156,tauD
b0372,-0.11693644404359538,insF-2
b0373,-0.4042699047697481,insE-2
b0376,-0.25429838742379873,ampH
b0377,-0.261536927879455,sbmA
b0378,-0.45338529228463076,yaiW
b0379,-0.4409539859479096,yaiY
b0380,-0.3373089325077026,yaiZ
b0382,-0.16408229456305531,iraP
b0384,-0.6098290527476751,psiF
b0385,-0.6556798659853391,dgcC
b0388,-0.25229751821473756,aroL
b0389,-0.5375787534012072,yaiA
b0390,-0.515638685881863,aroM
b0392,-0.5486802967367559,ykiA
b0394,-0.11399916942103772,mak
b0396,-0.33303997291785153,araJ
b0399,-0.35686724619587856,phoB
b0400,-0.2625753661364687,phoR
b0403,-0.18943116432454885,malZ
b0404,-0.5410171045779996,acpH
b0407,-0.09300970754237943,yajC
b0409,-0.12451449490340984,secF
b0412,-0.45340165155275874,yajI
b0417,-0.2245167152291226,thiL
b0418,-0.3687339464866981,pgpA
b0419,-0.47512824384771896,yajO
b0420,-0.04060197016689225,dxs
b0421,-0.13301571732068065,ispA
b0422,-0.10531604855788126,xseB
b0432,-0.005979150309715981,cyoA
b0435,-0.5387922761089056,bolA
b0440,-0.3241956059300091,hupB
b0443,-0.6357335091501024,fadM
b0445,-0.1018307246456318,ybaE
b0446,-0.21129827265082454,cof
b0447,-0.25701035403860967,decR
b0448,-0.2448667774978143,mdlA
b0449,-0.144257129638872,mdlB
b0451,-0.06192983195461012,amtB
b0453,-0.44100273124252876,ybaY
b0454,-0.4148957909643714,atl
b0456,-0.639174988111637,ybaA
b0457,-0.5800621826101071,pdeB
b0458,-0.13469476892157517,ylaC
b0460,-0.4019657761187846,hha
b0461,-0.38732552948094295,tomB
b0464,-0.26491985293660647,acrR
b0467,-0.004338620363232264,priC
b0468,-0.40348539763105096,ybaN
b0475,-0.11547179064906174,hemH
b0476,-0.33621119253428555,aes
b0478,-0.1490937504037913,ybaL
b0480,-0.043011876860742135,ushA
b0483,-0.4021431131586783,ybaQ
b0485,-0.29266669602026263,glsA
b0486,-0.24861069494749363,ybaT
b0487,-0.253509756477007,cueR
b0489,-0.10374066792383002,qmcA
b0490,-0.023109377179713265,fetA
b0491,-0.1348823258502287,fetB
b0495,-0.22065777590650326,ybbA
b0496,-0.29097814178646925,ybbP
b0497,-0.23434287096468512,rhsD
b0498,-0.4182628342078793,ybbC
b0499,-0.3679787817643081,ylbH
b0502_1,-0.5243731974011604,NA
b0504,-0.3966399424875808,allS
b0505,-0.17219445890559976,allA
b0506,-0.2542907312181764,allR
b0507,-0.2797375157341607,gcl
b0508,-0.057710706658504134,hyi
b0511,-0.29086103740700786,ybbW
b0512,-0.12854823089462272,allB
b0513,-0.41859648445959485,ybbY
b0514,-0.23366303130116164,glxK
b0515,-0.198314830406031,allE
b0516,-0.3677679882513282,allC
b0517,-0.43979793187144994,allD
b0518,-0.2253956141222034,fdrA
b0520,-0.3863843713146483,ylbF
b0521,-0.34662130247556183,ybcF
b0522,-0.3006911954957463,purK
b0523,-0.33681670323189555,purE
b0525,-0.23045311580754688,ppiB
b0527,-0.31673663151998677,ybcI
b0528,-0.2710723942199696,ybcJ
b0532,-0.49474107801800543,sfmD
b0533,-0.5488615275848028,sfmH
b0537,-0.5369925686349967,intD
b0543,-0.3734719841674828,emrE
b0544,-0.42410906252120406,ybcK
b0545,-0.5983646307022882,ybcL
b0546,-0.5772624320857203,ybcM
b0555,-0.26685940929160784,rrrD
b0562_2,-0.5391358381108957,NA
b0564,-0.1330544848287344,appY
b0565,-0.04463117351378917,ompT
b0566,-0.45733332319323766,envY
b0567,-0.085276214636533,ybcH
b0569,-0.3082726150628063,nfrB
b0570,-0.49788405671154523,cusS
b0571,-0.3849554505734366,cusR
b0572,-0.318856269631771,cusC
b0573,-0.20226124533573944,cusF
b0574,-0.15336550423740344,cusB
b0575,-0.2015846922419593,cusA
b0576,-0.06644423018327408,pheP
b0579,-0.19343749904095545,ybdF
b0580,-0.5081839337310113,ybdJ
b0581,-0.5095444083434598,ybdK
b0582,-0.17881865001604855,insL-2
b0583,-0.2981914484819745,entD
b0584,-0.2299779189414779,fepA
b0585,-0.32179915715119917,fes
b0586,-0.15688524461480266,entF
b0587,-0.29201256700654044,fepE
b0588,-0.1603000178224202,fepC
b0589,-0.10371902501887031,fepG
b0590,-0.20684358180866458,fepD
b0591,-0.24290791030645542,entS
b0592,-0.2793911551988942,fepB
b0593,-0.25425881631539027,entC
b0594,-0.09189735058377228,entE
b0595,-0.053201280336177305,entB
b0596,-0.07810525108920446,entA
b0597,-0.14022592891561694,entH
b0598,-0.28778450931819843,cstA
b0599,-0.5115839453625488,hcxA
b0600,-0.5433842162575058,ybdL
b0601,-0.38814427253386735,ybdM
b0602,-0.5192383571842063,ybdN
b0603,-0.6229135180667216,ybdO
b0604,-0.31982965824295007,dsbG
b0605,-0.2186057226684886,ahpC
b0608,-0.6126077723075438,ybdR
b0612,-0.6657770368243099,citT
b0615,-0.28477377558685324,citF
b0619,-0.38640914198199827,dpiB
b0622,-0.2116409162989127,pagP
b0623,-0.657135035967056,cspE
b0624,-0.22473782411624316,crcB
b0627,-0.3024625038092571,tatE
b0629,-0.2666521385189133,ybeF
b0631,-0.4698122766392853,ybeD
b0634,-0.19228502583749552,mrdB
b0635,-0.0056450583461122115,mrdA
b0637,-0.0627047469915175,rsfS
b0638,-0.28684454328372605,cobC
b0639,-0.4318737899131705,nadD
b0640,-0.29387832780658213,holA
b0643,-0.38938233169333086,ybeL
b0644,-0.36340161354015765,ybeQ
b0646,-0.4998630937864664,djlB
b0649,-0.41074935534949863,djlC
b0650,-0.19129317196373005,hscC
b0652,-0.3439917832495427,gltL
b0653,-0.37261330003017434,gltK
b0654,-0.3872039202679261,gltJ
b0655,-0.4963780997624886,gltI
b0657,-0.10179738156100343,lnt
b0658,-0.4006408452264453,ybeX
b0659,-0.5324345246214472,ybeY
b0660,-0.2524715949237769,ybeZ
b0661,-0.013787308349957889,miaB
b0682,-0.06707489236090396,chiQ
b0683,-0.4771700739686665,fur
b0685,-0.004139678913657121,ybfE
b0689,-0.36624582244346177,ybfP
b0692,-0.6832090592071819,potE
b0693,-0.5082279252898254,speF
b0695,-0.2352510507314512,kdpD
b0696,-0.4108260310191353,kdpC
b0697,-0.3319441749613377,kdpB
b0698,-0.4114512738514447,kdpA
b0699,-0.08014984113028585,ybfA
b0700,-0.2847521079999351,rhsC
b0703,-0.47600692824988383,ybfO
b0704,-0.6075971370895092,ybfC
b0705,-0.42846357788722367,ybfL
b0707,-0.5817210240470236,ybgA
b0708,-0.47739055448608264,phr
b0709,-0.26141026142216184,dtpD
b0716,-0.6386384981332686,ybgO
b0718,-0.7162571976581046,ybgQ
b0720,-0.1637251988905624,gltA
b0721,-0.1479960657225361,sdhC
b0722,-0.11762362098066531,sdhD
b0723,-0.009071829470003071,sdhA
b0724,-0.02536643522519244,sdhB
b0729,-0.007429578337349718,sucD
b0730,-0.03252936281801877,mngR
b0731,-0.3375834365437021,mngA
b0732,-0.4696160212134018,mngB
b0735,-0.15273310458528352,ybgE
b0736,-0.5455128044287259,ybgC
b0737,-0.19234005184866765,tolQ
b0738,-0.455826898894208,tolR
b0739,-0.20883725636069742,tolA
b0740,-0.33913443567393403,tolB
b0742,-0.1765102081702779,cpoB
b0750,-0.27867441777493634,nadA
b0751,-0.387363994653212,pnuC
b0752,-0.07265128823939432,zitB
b0753,-0.43132373957247244,ybgS
b0754,-0.054802159267048484,aroG
b0756,-0.06949191361300121,galM
b0757,-0.14893510120726686,galK
b0760,-0.31844644945208517,modF
b0762,-0.5352526608087106,acrZ
b0763,-0.04508660209117618,modA
b0764,-0.3158245227209855,modB
b0765,-0.42457553192985314,modC
b0767,-0.1298613855102262,pgl
b0768,-0.5412271935582982,ybhD
b0770,-0.24775666785788725,ybhI
b0771,-0.023759103088704672,ybhJ
b0773,-0.501154103846652,ybhB
b0774,-0.5748223201789536,bioA
b0775,-0.5302707032198918,bioB
b0776,-0.5221044500197457,bioF
b0777,-0.40645335100307595,bioC
b0778,-0.4226388895566263,bioD
b0779,-0.2105567172394592,uvrB
b0780,-0.1760012694289273,ybhK
b0782,-0.18279926074761174,moaB
b0784,-0.4045952314855299,moaD
b0786,-0.3729268925701362,ybhL
b0787,-0.4499982041961089,ybhM
b0788,-0.5962518462394453,ybhN
b0789,-0.5147934857785497,clsB
b0790,-0.49392213852638894,ybhP
b0791,-0.2174633901293176,ybhQ
b0792,-0.32614339417439137,ybhR
b0793,-0.027269208142801073,ybhS
b0798,-0.13234359192390283,ybiA
b0801,-0.14599765762514333,hcxB
b0802,-0.4221319751341036,ybiJ
b0803,-0.7196190185304088,ybiI
b0804,-0.2955377251004499,ybiX
b0805,-0.11826872465772909,fiu
b0806,-0.6347318354382864,mcbA
b0808,-0.616718870870045,ybiO
b0809,-0.032150770056550704,glnQ
b0810,-0.06914283318631903,glnP
b0811,-0.12866974429935338,glnH
b0812,-0.36771072455059395,dps
b0813,-0.025443646187060014,rhtA
b0815,-0.31518060432814077,opgE
b0817,-0.3550379710350786,mntR
b0818,-0.24652222036348767,ybiR
b0819,-0.01348797357351625,ldtB
b0823,-0.30708650002359744,ybiW
b0828,-0.2094953551156579,iaaA
b0829,-0.24536818656370432,gsiA
b0830,-0.49684184787068303,gsiB
b0831,-0.5801259723393729,gsiC
b0832,-0.5007356634092341,gsiD
b0833,-0.21745685793480962,pdeI
b0834,-0.14525238304055813,dgcI
b0835,-0.040599231636070376,rimO
b0836,-0.3041873928881809,bssR
b0837,-0.5195371532568787,yliI
b0838,-0.4200928482967493,gstB
b0839,-0.32657137522045626,dacC
b0841,-0.03990655839639009,ybjG
b0842,-0.3351244751122049,mdfA
b0846,-0.10498005033659086,rcdA
b0847,-0.21018565689654062,ybjL
b0848,-0.01770378598572685,ybjM
b0849,-0.30144285294318846,grxA
b0853,-0.00872184022004118,ybjN
b0854,-0.5484532400286298,potF
b0855,-0.536577921135873,potG
b0856,-0.6108298218013807,potH
b0857,-0.5489356197368715,potI
b0858,-0.11014858981863522,ybjO
b0859,-0.16668474607797887,rlmC
b0860,-0.13647400680461727,artJ
b0861,-0.26690051054880237,artM
b0862,-0.09392977260698723,artQ
b0863,-0.1570292716573125,artI
b0864,-0.08561018816853955,artP
b0865,-0.2973819211551471,ybjP
b0866,-0.5506530128036958,ybjQ
b0867,-0.3311665137774312,amiD
b0868,-0.2284571133200344,ybjS
b0869,-0.4440451140260941,ybjT
b0870,-0.08604056674846171,ltaE
b0871,-0.5187498554098439,poxB
b0874,-0.19809192428078745,lysO
b0875,-0.7006005233980351,aqpZ
b0878,-0.3138904556365279,macA
b0879,-0.40305580339105235,macB
b0880,-0.6026275498605644,cspD
b0881,-0.4291685668546478,clpS
b0882,-0.19615674434620087,clpA
b0884,-0.2926313714896365,infA
b0885,-0.3306482178482246,aat
b0889,-0.27110378206199304,lrp
b0890,-0.22113712586732695,ftsK
b0891,-0.0262833568931318,lolA
b0892,-0.2197607760483468,rarA
b0897,-0.5243134144882328,ycaC
b0898,-0.39512736049266034,ycaD
b0899,-0.12144234764970523,ycaM
b0900,-0.221509149411246,ycaN
b0901,-0.04394415479582673,ycaK
b0904,-0.03817069118940915,focA
b0906,-0.6453348038816178,ycaP
b0907,-0.25299438670557983,serC
b0908,-0.05623499568164704,aroA
b0909,-0.05898789512921184,ycaL
b0910,-0.15687637726052633,cmk
b0912,-0.33869522685726366,ihfB
b0913,-0.5848989625874403,ycaI
b0914,-0.14325685461699905,msbA
b0915,-0.01119804643259336,lpxK
b0916,-0.4045064356954278,ycaQ
b0917,-0.11675418205433179,ycaR
b0920,-0.23231230634795924,elyC
b0923,-0.027188675790589166,mukE
b0925,-0.014521886462500641,ldtD
b0926,-0.44266661573909205,ycbK
b0927,-0.3111932001680629,gloC
b0929,-0.09698580412383342,ompF
b0931,-0.2529060974946069,pncB
b0932,-0.05590989352195214,pepN
b0933,-0.5092638448558562,ssuB
b0934,-0.4444298325154094,ssuC
b0935,-0.38955479757121914,ssuD
b0936,-0.4433266784423281,ssuA
b0937,-0.3875972948400226,ssuE
b0940,-0.5698829398658056,elfC
b0941,-0.5179046233268659,elfG
b0942,-0.3203315218782968,ycbU
b0943,-0.16210476767712886,ycbV
b0944,-0.5443824022976762,ycbF
b0945,-0.051632771224994156,pyrD
b0946,-0.2861204878798597,zapC
b0947,-0.24158372439341083,ycbX
b0950,-0.2189283079972968,pqiA
b0951,-0.058069511588491614,pqiB
b0952,-0.30113779628310366,pqiC
b0953,-0.6771632962368731,rmf
b0954,-0.2965780714531808,fabA
b0955,-0.161478540866316,ycbZ
b0958,-0.48400483576230996,sulA
b0959,-0.3034262167033907,sxy
b0960,-0.04370461368118932,yccS
b0961,-0.29685638642872236,yccF
b0964,-0.6514361219332493,yccT
b0965,-0.4433704594434383,yccU
b0966,-0.5837002144772304,hspQ
b0968,-0.34381925991501544,yccX
b0969,-0.002434813194726456,tusE
b0970,-0.2695791619411177,yccA
b0972,-0.15149445666300787,hyaA
b0973,-0.22538654588817691,hyaB
b0974,-0.4636552753837027,hyaC
b0975,-0.2633806528353073,hyaD
b0976,-0.32402876962839944,hyaE
b0977,-0.4871326702859269,hyaF
b0978,-0.21791028510254365,appC
b0979,-0.2997695046078412,appB
b0980,-0.3681520526290021,appA
b0981,-0.33243842039676874,etk
b0982,-0.2646992813696833,etp
b0984,-0.19508542006636173,gfcD
b0985,-0.061268459350851984,gfcC
b0986,-0.1627071249736293,gfcB
b0994,-0.19917557225503563,torT
b0995,-0.16579143493475634,torR
b0996,-0.26225629279072704,torC
b0997,-0.4588387805491909,torA
b0998,-0.24530340581999127,torD
b0999,-0.4468540639317012,cbpM
b1000,-0.22502078086681507,cbpA
b1001,-0.38324761796651513,yccE
b1002,-0.35710340531300655,agp
b1003,-0.45661502997879433,yccJ
b1004,-0.3289005734512899,wrbA
b1006,-0.41850327532357995,rutG
b1007,-0.49169573497674873,rutF
b1008,-0.3711210310807853,rutE
b1009,-0.40905644368844307,rutD
b1010,-0.14309406659834847,rutC
b1011,-0.019520317466270365,rutB
b1012,-0.2954272836382155,rutA
b1013,-0.37874466324489475,rutR
b1018,-0.026255355845547522,efeO
b1019,-0.04723121159044874,efeB
b1020,-0.362313711640921,phoH
b1021,-0.3674084858770352,pgaD
b1022,-0.2893815508379191,pgaC
b1023,-0.26040554825892226,pgaB
b1024,-0.16910381744811742,pgaA
b1025,-0.06249680562922543,dgcT
b1026,-0.21161862942460358,insF-4
b1027,-0.38274976363577273,insE-4
b1036,-0.04542638533719268,ycdZ
b1037,-0.5172464609018944,csgG
b1038,-0.4958452078457688,csgF
b1039,-0.5152133412217232,csgE
b1040,-0.5820782758219024,csgD
b1042,-0.7072325880407524,csgA
b1044,-0.44172808233554595,ymdA
b1045,-0.6433609061229743,ymdB
b1046,-0.6592286193301874,clsC
b1047,-0.2585447289308784,opgC
b1048,-0.06002570376006741,opgG
b1049,-0.17250372911884673,opgH
b1050,-0.41141194778023654,yceK
b1051,-0.4260409087655166,msyB
b1055,-0.1927530437369036,yceA
b1056,-0.20193116217513848,yceI
b1057,-0.2797185041876284,yceJ
b1059,-0.060529379155125955,solA
b1060,-0.35855144453224347,bssS
b1061,-0.06493981412654903,dinI
b1062,-0.1434266175509095,pyrC
b1063,-0.13491467875602609,yceB
b1064,-0.4833270352599623,grxB
b1065,-0.23399040093415144,mdtH
b1066,-0.04970759681541659,rimJ
b1067,-0.03844132537284867,yceH
b1069,-0.13756592783363403,murJ
b1070,-0.2450552269088788,flgN
b1071,-0.28659495915575006,flgM
b1072,-0.17550630577322188,flgA
b1073,-0.09339461020791438,flgB
b1074,-0.11469274122061827,flgC
b1075,-0.08825094907870104,flgD
b1076,-0.1316047108893795,flgE
b1077,-0.13341761494779697,flgF
b1078,-0.1555471224102758,flgG
b1079,-0.25786029443604525,flgH
b1080,-0.20135591354869528,flgI
b1081,-0.19886721067156288,flgJ
b1082,-0.2608274504967083,flgK
b1083,-0.2612214780342946,flgL
b1086,-0.22649717625992374,rluC
b1087,-0.4293308113593527,yceF
b1089,-0.11193726841189068,rpmF
b1090,-0.406011588048122,plsX
b1091,-0.04793576064666717,fabH
b1094,-0.2071020745446792,acpP
b1096,-0.20099467977705013,pabC
b1098,-0.0019304790620362031,tmk
b1099,-0.0017567324730698708,holB
b1100,-0.5664793383768413,ycfH
b1102,-0.40855079883318723,fhuE
b1103,-0.2435459611798349,hinT
b1104,-0.440794588193554,ycfL
b1106,-0.30587257856582944,thiK
b1107,-0.2585848132808639,nagZ
b1108,-0.13177339615057992,ycfP
b1110,-0.19963638137541811,ycfJ
b1111,-0.4502886049322573,comR
b1112,-0.2335025417597513,bhsA
b1113,-0.1355157957156813,ldtC
b1115,-0.5175778448327187,ycfT
b1116,-0.1974655512023444,lolC
b1117,-0.03206781261428591,lolD
b1118,-0.4813581560985732,lolE
b1119,-0.39001225424509595,nagK
b1120,-0.0650741174942033,cobB
b1123,-0.11187286679785013,potD
b1124,-0.3557430464128252,potC
b1125,-0.293547352852234,potB
b1126,-0.15198204760194237,potA
b1128,-0.2197653823310802,roxA
b1129,-0.49510271241295883,phoQ
b1130,-0.34906975629929216,phoP
b1131,-0.018244154542727885,purB
b1132,-0.071585814341676,hflD
b1133,-0.14616527815201932,mnmA
b1134,-0.5755910884240175,nudJ
b1135,-0.3881384968745794,rluE
b1136,-0.05808805798146846,icd
b1137,-0.3249530366255258,ymfD
b1138,-0.3688400827214661,ymfE
b1139,-0.22470426687560882,lit
b1140,-0.5985415794174342,intE
b1141,-0.5674800286167648,xisE
b1143,-0.20262462009807505,ymfI
b1144,-0.7181597398899301,ymfJ
b1145,-0.2343890183031218,ymfK
b1147,-0.6895095715707064,ymfL
b1155,-0.4984807089223694,tfaP
b1159,-0.4103442645281165,mcrA
b1162,-0.7160955089937674,bluR
b1163,-0.5581304729246934,bluF
b1164,-0.42238583978354477,ycgZ
b1165,-0.4885271440018287,ymgA
b1166,-0.5361516479337102,ariR
b1167,-0.45731565377163647,ymgC
b1168,-0.7234250098470693,pdeG
b1171,-0.32582257748016663,ymgD
b1172,-0.07617170084795546,ymgG
b1174,-0.25742464489020045,minE
b1175,-0.2621137389059365,minD
b1176,-0.024096884223185382,minC
b1177,-0.3699611994336118,ycgJ
b1178,-0.13736789926070286,pliG
b1179,-0.2754942283031735,ycgL
b1180,-0.13738817146612917,ycgM
b1181,-0.598280451355497,ycgN
b1182,-0.3521973590849674,hlyE
b1183,-0.48572423788691704,umuD
b1184,-0.37196153647977037,umuC
b1187,-0.14562426977190937,fadR
b1188,-0.5841709887468491,ycgB
b1191,-0.449901396434912,cvrA
b1193,-0.17141716248943045,emtA
b1194,-0.3499906122425446,ycgR
b1195,-0.7075758724872548,ymgE
b1196,-0.49399015895197324,ycgY
b1197,-0.4184400583061231,treA
b1198,-0.059658750836247915,dhaM
b1199,-0.020334986203053008,dhaL
b1201,-0.13239945050169577,dhaR
b1202,-0.2430311855080307,ycgV
b1204,-0.20121579405634063,pth
b1205,-0.28195196313108545,ychH
b1207,-0.1334717836862551,prs
b1208,-0.16123887837793408,ispE
b1213,-0.2589220767969474,ychQ
b1214,-0.2409791832708959,ychA
b1217,-0.6740841667870804,chaB
b1218,-0.575964756847543,chaC
b1219,-0.2993027184821568,ychN
b1220,-0.47672775341766843,ychO
b1225,-0.018532440138150707,narH
b1226,-0.0022599108445732785,narJ
b1227,-0.08838552779341154,narI
b1233,-0.31482597335955426,ychJ
b1234,-0.5564184300390513,rssA
b1235,-0.5278812431723559,rssB
b1236,-0.06688997628707924,galU
b1237,-0.005805380663296187,hns
b1238,-0.1711566285285489,tdk
b1242,-0.014429997966695016,ychE
b1248,-0.01881582373378129,yciU
b1250,-0.4323561695558473,kch
b1251,-0.2505614045281196,yciI
b1252,-0.4113744668076378,tonB
b1253,-0.13971345061195511,yciA
b1254,-0.24219133433601808,yciB
b1257,-0.4286505460795362,yciE
b1258,-0.44768021928833235,yciF
b1259,-0.7357715144039394,yciG
b1266,-0.3436837469236444,yciV
b1267,-0.3795555369332125,yciO
b1268,-0.5839440581029682,yciQ
b1269,-0.1782414239900808,rluB
b1270,-0.20534549813837175,btuR
b1271,-0.07879398014998175,yciK
b1273,-0.07714408859875056,yciN
b1274,-0.09084012043261942,topA
b1275,-0.2158372519033768,cysB
b1276,-0.38058775827865166,acnA
b1278,-0.5165304316793369,pgpB
b1279,-0.3973851123281847,lapA
b1280,-0.3716922377259471,lapB
b1281,-0.14427217259883432,pyrF
b1282,-0.1609733731534437,yciH
b1283,-0.5685802660152798,osmB
b1284,-0.05713575502862978,yciT
b1285,-0.4125014637985058,pdeR
b1287,-0.3847405123652823,yciW
b1289,-0.294846271105049,ycjD
b1290,-0.11494528531691686,sapF
b1291,-0.1876835755992529,sapD
b1293,-0.10568994970420806,sapB
b1295,-0.35869154428005573,ymjA
b1296,-0.5816277490234361,puuP
b1297,-0.5160114745432983,puuA
b1298,-0.5073190097121124,puuD
b1299,-0.5623216050269814,puuR
b1300,-0.4990441383137026,puuC
b1301,-0.43730109714674964,puuB
b1302,-0.49860411978624536,puuE
b1304,-0.09913631075054238,pspA
b1305,-0.49484416272509457,pspB
b1306,-0.4713315819747687,pspC
b1308,-0.30307766433923067,pspE
b1309,-0.3641174503098779,ycjM
b1310,-0.13018802415930325,ycjN
b1315,-0.24260167632219323,ycjS
b1316,-0.37153006927029797,ycjT
b1319,-0.20012790212222842,ompG
b1320,-0.24980337910343883,ycjW
b1321,-0.3256185471805712,ycjX
b1322,-0.29897464671274027,ycjF
b1325,-0.47393729577093624,ycjG
b1326,-0.5107875346833612,mpaA
b1327,-0.6169449726873955,ycjY
b1328,-0.33040751306752236,pgrR
b1329,-0.2092556655464371,mppA
b1330,-0.26087402891146577,ynaI
b1332,-0.38638103680529695,ynaJ
b1333,-0.10537158560464292,uspE
b1334,-0.3352561996611566,fnr
b1335,-0.27042758712624626,ogt
b1336,-0.678789273954035,abgT
b1337,-0.5472421298867746,abgB
b1338,-0.18904471146480004,abgA
b1339,-0.26767743031510893,abgR
b1340,-0.021964745437200468,smrA
b1341,-0.3988182360332771,dgcM
b1342,-0.09022828733352882,zntB
b1343,-0.2958541146779911,dbpA
b1344,-0.1154389356956306,ttcA
b1345,-0.46465537653365657,intR
b1349,-0.15698303305956077,recT
b1350,-0.2330024279786625,recE
b1353,-0.412047057315517,sieB
b1356,-0.2669863360319911,racR
b1357,-0.5405523750953735,ydaS
b1359,-0.36842591165899,ydaU
b1360,-0.1357391022376094,ydaV
b1361,-0.4593375375788087,ydaW
b1362,-0.4887218633959702,rzpR
b1363,-0.4806328303974972,trkG
b1368,-0.2295900442481427,ynaA
b1370,-0.04492038642005668,insH-5
b1372,-0.4188744538268826,stfR
b1374,-0.4097142577003684,pinR
b1375,-0.3205130306644214,ynaE
b1376,-0.1243333861140547,uspF
b1377,-0.4741825586997362,ompN
b1379,-0.26969512543973173,hslJ
b1380,-0.1296428422837487,ldhA
b1383,-0.4269074744058383,ydbL
b1384,-0.34243606211914757,feaR
b1385,-0.3289700157725492,feaB
b1386,-0.4025088731203221,tynA
b1397,-0.3806794459314635,paaJ
b1398,-0.3685581577209588,paaK
b1399,-0.14401190823926996,paaX
b1400,-0.13136505205316468,paaY
b1402,-0.2766930620330592,insD-2
b1403,-0.3672904983721363,insC-2
b1406,-0.3904581310923184,pdxI
b1407,-0.5177147938106258,ydbD
b1410,-0.32556043124359424,ynbC
b1411,-0.2244315444021998,ynbD
b1414,-0.10261311764769723,ydcF
b1415,-0.2091785656433244,aldA
b1419,-0.17109631019066926,ydcA
b1420,-0.3284660947334772,mokB
b1421,-0.3940179992974906,trg
b1422,-0.36762282819313163,ydcI
b1423,-0.3792665118647083,ydcJ
b1424,-0.06756109766090668,opgD
b1426,-0.3349007309970355,ydcH
b1427,-0.3379238717520279,rimL
b1428,-0.4654490448462284,ydcK
b1429,-0.17965707631938965,tehA
b1430,-0.14739285308054545,tehB
b1431,-0.296658816782155,ydcL
b1432,-0.20061840387287458,insQ
b1433,-0.35555281989721577,ydcO
b1438,-0.47893424809068175,hicB
b1439,-0.13864167886103398,ydcR
b1440,-0.3884447160393738,ydcS
b1441,-0.37368181219166496,ydcT
b1442,-0.37919347040314855,ydcU
b1443,-0.4667173641330147,ydcV
b1444,-0.40915849158227907,patD
b1447,-0.1955790846185581,ydcZ
b1448,-0.19156994546109704,mnaT
b1449,-0.39866876689881336,curA
b1450,-0.5020299685539413,mcbR
b1451,-0.05578630793999684,yncD
b1452,-0.09093907491033662,yncE
b1453,-0.02424251504004774,ansP
b1454,-0.5783852442334151,yncG
b1456,-0.27664805276293714,rhsE
b1457,-0.35748065792673095,ydcD
b1459_1,-0.24721251994499488,NA
b1460,-0.36546843716056926,ydcC
b1461,-0.2704997604147013,pptA
b1462,-0.5665389794403997,yddH
b1463,-0.2853570629909393,nhoA
b1464,-0.08489598075495342,yddE
b1465,-0.3285942227826743,narV
b1466,-0.22272288480238786,narW
b1467,-0.2622421631102459,narY
b1468,-0.19073851819114582,narZ
b1469,-0.3129830453824784,narU
b1475,-0.06961479211205504,fdnH
b1476,-0.19760439744406966,fdnI
b1477,-0.4812685957225374,yddM
b1478,-0.39876261972488025,adhP
b1480,-0.6665594981774134,sra
b1481,-0.5171637625046699,bdm
b1482,-0.43713820655805474,osmC
b1483,-0.35943617222829183,ddpF
b1484,-0.39008063712380187,ddpD
b1485,-0.27535680693759457,ddpC
b1486,-0.34288675909814753,ddpB
b1487,-0.36424377179401707,ddpA
b1488,-0.37081379899724554,ddpX
b1489,-0.6444733078591206,dosP
b1490,-0.603577597230433,dosC
b1491,-0.09798616296026899,yddW
b1492,-0.35769283880357733,gadC
b1493,-0.3453966131286004,gadB
b1494,-0.10828417065809146,pqqL
b1495,-0.23576398240860394,yddB
b1496,-0.24242870598411276,yddA
b1499,-0.069508403010433,ydeO
b1501,-0.36144902064723733,ydeP
b1502,-0.21231745334835753,ydeQ
b1505,-0.1381876458810931,ydeT
b1507,-0.4488033807748887,hipA
b1508,-0.25989059606697384,hipB
b1511,-0.5257254267013123,lsrK
b1512,-0.46874039805548634,lsrR
b1513,-0.33156920078190766,lsrA
b1514,-0.39139914955065863,lsrC
b1515,-0.4303469292481361,lsrD
b1516,-0.46675082743410956,lsrB
b1517,-0.4679135831869551,lsrF
b1518,-0.5909589037622971,lsrG
b1519,-0.5650059682018218,tam
b1520,-0.3000516036553923,yneE
b1521,-0.04338204055080671,uxaB
b1522,-0.4797474425033143,dgcF
b1523,-0.2160232329306348,yneG
b1524,-0.05906232824509926,glsB
b1525,-0.042461689565179005,sad
b1526,-0.4964596793188883,yneJ
b1527,-0.43532647972198846,yneK
b1528,-0.10428330973222133,ydeA
b1529,-0.49035969010417413,marC
b1531,-0.1540188960035331,marA
b1533,-0.6305570689414777,eamA
b1534,-0.3121404448982961,ydeE
b1535,-0.3870185711389098,dgcZ
b1536,-0.5487745571576794,ydeI
b1537,-0.629916663810939,ydeJ
b1538,-0.01274263324480799,dcp
b1540,-0.14200898331555228,ydfH
b1542,-0.3830325186579976,ydfI
b1546,-0.3613987405689298,tfaQ
b1547,-0.4500722947014962,ydfN
b1548,-0.3354386132186099,nohA
b1550,-0.1702061553158109,gnsB
b1552,-0.22229337820631281,cspI
b1557,-0.08664277724754918,cspB
b1558,-0.22267522740573234,cspF
b1559,-0.4468427146709048,ydfT
b1562,-0.4573403527555683,hokD
b1563,-0.5513274354033859,relE
b1564,-0.3733354559449282,relB
b1566,-0.3934289015590514,flxA
b1570,-0.4079489052966745,dicA
b1579,-0.599005355229376,intQ
b1580,-0.30700136053610777,rspB
b1581,-0.09751614958497547,rspA
b1582,-0.576642754525507,ynfA
b1583,-0.026627245732396967,ynfB
b1585,-0.47786835091775404,ynfC
b1586,-0.1344140733020854,ynfD
b1592,-0.5095561267135016,clcB
b1594,-0.10016786745636644,mlc
b1595,-0.13136109375708485,ynfL
b1596,-0.11388447098811683,ynfM
b1597,-0.323868894418973,asr
b1598,-0.6517421290772007,ydgD
b1605,-0.11221650000898566,ydgI
b1606,-0.38727425205373656,folM
b1607,-0.6935540897272277,ydgC
b1608,-0.07435154999053656,rstA
b1609,-0.12148506675884534,rstB
b1610,-0.19077957259421166,tus
b1611,-0.22566440366721277,fumC
b1612,-0.1495637936496267,fumA
b1614,-0.027791290732061533,ydgA
b1615,-0.5116291788737313,uidC
b1616,-0.43966716708314085,uidB
b1617,-0.36812782770333546,uidA
b1618,-0.4489392912401029,uidR
b1619,-0.29960290654333804,hdhA
b1624,-0.5570617095996786,ydgJ
b1626,-0.2842472864183741,ydgK
b1627,-0.46409104376980875,rsxA
b1628,-0.25857940024462067,rsxB
b1630,-0.12443687796020465,rsxD
b1632,-0.0981363006341674,rsxE
b1633,-0.008757054179036916,nth
b1635,-0.36324281933954145,gstA
b1639,-0.5117592588731781,mliC
b1640,-0.2203028301569946,anmK
b1641,-0.06775656386347742,slyB
b1642,-0.37609060492770496,slyA
b1643,-0.1362951647777175,ydhI
b1645,-0.2907156196482142,ydhK
b1646,-0.582434463002903,sodC
b1647,-0.39717374821290236,ydhF
b1648,-0.6233062261929763,ydhL
b1649,-0.2190020466357265,nemR
b1650,-0.026280534600381416,nemA
b1651,-0.018461544462633248,gloA
b1653,-0.5098359887291203,lhr
b1654,-0.13496413987048847,grxD
b1655,-0.4155582652959361,mepH
b1657,-0.20567091577060534,ydhP
b1658,-0.3821042728097098,purR
b1659,-0.3345026173097071,ydhB
b1661,-0.3036277757327744,cfa
b1664,-0.11712305870475119,ydhQ
b1667,-0.42094494657810716,ydhR
b1668,-0.5790730514617514,ydhS
b1669,-0.18275297635009694,ydhT
b1670,-0.36601540856000087,ydhU
b1671,-0.11499213172528537,ydhX
b1672,-0.06884856884101413,ydhW
b1675,-0.12604445308416046,fumD
b1678,-0.4321255722220539,ldtE
b1679,-0.45562439744480093,sufE
b1680,-0.37534469476393595,sufS
b1681,-0.3263122850324271,sufD
b1682,-0.3840078991521139,sufC
b1683,-0.43476356696930746,sufB
b1684,-0.3857098712933113,sufA
b1685,-0.27620906297547304,ydiH
b1686,-0.5933599681050246,menI
b1687,-0.42252897219388635,ydiJ
b1688,-0.10715714127393358,ydiK
b1689,-0.4549285306956672,ydiL
b1690,-0.4827068541347088,ydiM
b1692,-0.537656546992745,ydiB
b1694,-0.21744230950428742,ydiF
b1696,-0.40690027311994514,ydiP
b1698,-0.31233949508627495,ydiR
b1699,-0.24643466549185913,ydiS
b1701,-0.49432108094687344,fadK
b1702,-0.2836434186411894,ppsA
b1703,-0.20430243431816408,ppsR
b1705,-0.3799458688945984,ydiE
b1706,-0.44342177396446564,ydiU
b1707,-0.20240510938708323,ydiV
b1708,-0.38471399851736815,nlpC
b1709,-0.28416136456636304,btuD
b1710,-0.4625626498103847,btuE
b1712,-0.49300130836076045,ihfA
b1716,-0.2398099883000986,rplT
b1717,-0.18324688758746735,rpmI
b1718,-0.3209575526305702,infC
b1724,-0.6612633621406254,ydiZ
b1725,-0.4434567640084356,yniA
b1726,-0.4795512598368722,yniB
b1728,-0.2823732603553281,ydjM
b1729,-0.01885213829369301,tcyP
b1731,-0.01739002749898183,cedA
b1732,-0.47300478805132384,katE
b1733,-0.4083939793857312,chbG
b1734,-0.41808028265988784,chbF
b1735,-0.5921693345438729,chbR
b1737,-0.3952618194902856,chbC
b1738,-0.5282271682662232,chbB
b1739,-0.4973072589753291,osmE
b1741,-0.6091242820484901,cho
b1742,-0.41499718861309315,ves
b1743,-0.15614190085546617,spy
b1744,-0.2895329711112178,astE
b1745,-0.284073121829499,astB
b1746,-0.32293826559714134,astD
b1747,-0.33385974703133187,astA
b1748,-0.3024268357149547,astC
b1752,-0.11528162875388018,ydjZ
b1755,-0.18626720647226575,ynjC
b1756,-0.4232072658391111,ynjD
b1758,-0.5869588836315206,ynjF
b1759,-0.0683156060847496,nudG
b1760,-0.530635490510782,ynjH
b1761,-0.11140394262306134,gdhA
b1762,-0.41774518909073816,ynjI
b1766,-0.0618238396144958,sppA
b1769,-0.3613765312973359,ydjE
b1770,-0.38789225837915575,ydjF
b1771,-0.44539992516254523,ydjG
b1772,-0.3154940632973612,ydjH
b1773,-0.49648287102495825,ydjI
b1774,-0.4429998751075412,ydjJ
b1775,-0.3305237730376755,ydjK
b1776,-0.2470590581507395,ydjL
b1777,-0.2207016998115337,yeaC
b1778,-0.3129491359018468,msrB
b1781,-0.32517292648790297,yeaE
b1783,-0.5706628896254909,yeaG
b1784,-0.5868753288988088,yeaH
b1785,-0.22012008938484406,cdgI
b1786,-0.4269072943255611,dgcJ
b1789,-0.07914292105297986,yeaL
b1790,-0.5617767453485518,nimR
b1792,-0.2081964033836046,yeaO
b1793,-0.47579537951412265,yoaF
b1794,-0.31341208899136036,dgcP
b1795,-0.4955157965453369,yeaQ
b1796,-0.3063979172282929,yoaG
b1797,-0.37593819881892726,yeaR
b1798,-0.06230526055021803,leuE
b1799,-0.3939164021573965,dmlR
b1800,-0.2040152377128329,dmlA
b1801,-0.4130191573029312,yeaV
b1802,-0.460037305959324,yeaW
b1803,-0.5668823351517015,yeaX
b1805,-0.2705636871965962,fadD
b1806,-0.2777827298644956,yeaY
b1807,-0.023079590642617866,tsaB
b1808,-0.2808116046869215,yoaA
b1809,-0.24680884500160705,yoaB
b1810,-0.4609852786909093,yoaC
b1811,-0.30112631187942795,yoaH
b1812,-0.11296167747924755,pabB
b1813,-0.26907789974136936,nudL
b1815,-0.5859944615279321,pdeD
b1816,-0.07583083745160232,yoaE
b1823,-0.33198728455706106,cspC
b1824,-0.40984908284721744,yobF
b1826,-0.08088736806642709,mgrB
b1828,-0.25815197249040295,yebQ
b1832,-0.03617212027459172,msrC
b1833,-0.35064691205335896,yebS
b1834,-0.20370980962778473,yebT
b1836,-0.7083873707764147,yebV
b1837,-0.5906843334156912,yebW
b1838,-0.4859444911854991,pphA
b1842,-0.36743029837441493,holE
b1845,-0.2536321540031668,ptrB
b1847,-0.42030986898556333,yebF
b1848,-0.2315715154356705,yebG
b1856,-0.009538379584305985,mepM
b1857,-0.04149621871066871,znuA
b1858,-0.27344711078094336,znuC
b1859,-0.2843061960303118,znuB
b1860,-0.24372233687749698,ruvB
b1861,-0.40345419373909513,ruvA
b1868,-0.28356367397657484,yecE
b1869,-0.46849534241320445,yecN
b1872,-0.2884250385507674,torZ
b1873,-0.3868679608633915,torY
b1874,-0.3854550142663721,cutC
b1875,-0.1666627364413702,yecM
b1877,-0.05699036270282247,yecT
b1878,-0.3366856814089848,flhE
b1879,-0.18687943097239634,flhA
b1880,-0.14561337095737023,flhB
b1881,-0.295425982867823,cheZ
b1882,-0.3422386320848683,cheY
b1883,-0.3548636878875118,cheB
b1884,-0.40552875393324816,cheR
b1885,-0.3033404988242293,tap
b1886,-0.28520428372020507,tar
b1887,-0.37658899576984634,cheW
b1888,-0.22586017668713,cheA
b1889,-0.2814881864375261,motB
b1890,-0.3088536730507352,motA
b1891,-0.29710110444101656,flhC
b1892,-0.32720904102474563,flhD
b1894,-0.11048508582393174,insA-5
b1895,-0.17888692166187098,uspC
b1896,-0.6179065900655423,otsA
b1897,-0.6169672230968402,otsB
b1900,-0.3644713351836688,araG
b1901,-0.38638396311987794,araF
b1902,-0.008070739452833924,ftnB
b1904,-0.1368740479278971,yecR
b1907,-0.17456715886447188,tyrP
b1912,-0.1971921967456316,pgsA
b1913,-0.2804776918203396,uvrC
b1916,-0.14268537223865857,sdiA
b1917,-0.27982799985219287,tcyN
b1918,-0.1683636779969327,tcyL
b1919,-0.2630534392536267,dcyD
b1920,-0.3690487433524915,tcyJ
b1921,-0.26953324468167567,fliZ
b1922,-0.10681399824808702,fliA
b1923,-0.3738180737396539,fliC
b1924,-0.2306707666817582,fliD
b1925,-0.3244421477439642,fliS
b1926,-0.25505756117770545,fliT
b1927,-0.50121640727229,amyA
b1930,-0.1953586220656845,yedF
b1931,-0.6304542138145431,yedK
b1932,-0.39336362742812,yedL
b1937,-0.1959111842460185,fliE
b1938,-0.12358636348636147,fliF
b1939,-0.195311750435101,fliG
b1940,-0.193352193975398,fliH
b1941,-0.22271739146002958,fliI
b1942,-0.2677018920165854,fliJ
b1943,-0.29327742752051406,fliK
b1944,-0.12175349919298757,fliL
b1945,-0.11237158136417774,fliM
b1946,-0.17382736956082492,fliN
b1947,-0.057631787667051265,fliO
b1948,-0.16137448653793302,fliP
b1949,-0.2130150743196467,fliQ
b1950,-0.3494809932777072,fliR
b1951,-0.23643010203087528,rcsA
b1952,-0.46775360327046306,dsrB
b1953,-0.6161290863893484,yodD
b1955,-0.6317457121617462,yedP
b1956,-0.5936433208412982,dgcQ
b1957,-0.5782352400821997,yodC
b1958,-0.3923636936091459,yedI
b1959,-0.5370690337318983,yedA
b1960,-0.0938923577806757,vsr
b1962,-0.3805164746173134,yedJ
b1963,-0.3050590799838341,yedR
b1967,-0.29696970170179937,hchA
b1968,-0.5424758499781074,hprS
b1969,-0.38927163075377913,hprR
b1971,-0.599208762147663,msrP
b1972,-0.49070132009109524,msrQ
b1973,-0.08167763260279266,zinT
b1974,-0.21116856064113815,yodB
b1976,-0.4099671057539483,mtfA
b1978,-0.5317823655710346,yeeJ
b1981,-0.2875320714647037,shiA
b1982,-0.39977071002481546,amn
b1985,-0.691157964368821,yeeO
b1987,-0.4329402991377185,cbl
b1988,-0.3819074797574695,nac
b1990,-0.613983619939946,ldtA
b1991,-0.4057642259158506,cobT
b1992,-0.1142010194884464,cobS
b1993,-0.4162368784635091,cobU
b1996,-0.2648787907709157,insD-3
b1997,-0.4864887519253667,insC-3
b1999,-0.7073274995979854,yeeP
b2000,-0.12848111730627199,flu
b2001,-0.17754750954512893,yeeR
b2002,-0.1716812337330302,yeeS
b2007,-0.16856159983273408,yeeX
b2008,-0.47614394131669713,yeeA
b2009,-0.4793793382768615,sbmC
b2010,-0.4680644191816841,dacD
b2012,-0.2875021175096343,yeeD
b2013,-0.1917740344669947,yeeE
b2015,-0.4845189186544641,yeeY
b2016,-0.13955320145426087,yeeZ
b2017,-0.6139797099744523,yefM
b2027,-0.23394891438459223,wzzB
b2028,-0.1065085779670138,ugd
b2033,-0.003565896772014501,wbbJ
b2034,-0.12599841353933958,wbbI
b2035,-0.21048337913507276,wbbH
b2036,-0.20591007087296814,glf
b2037,-0.11600707723124822,rfbX
b2038,-0.22892239938306058,rfbC
b2039,-0.04955663600645221,rfbA
b2042,-0.16895632300283045,galF
b2043,-0.3389788487562047,wcaM
b2044,-0.22964954752178646,wcaL
b2045,-0.05507925122087973,wcaK
b2046,-0.19309157768107577,wzxC
b2047,-0.13923073169886951,wcaJ
b2048,-0.20147634593050448,cpsG
b2049,-0.26683947323949664,cpsB
b2050,-0.24213722865436724,wcaI
b2051,-0.2588453286070631,gmm
b2052,-0.11936972689100032,fcl
b2053,-0.09373352229931445,gmd
b2054,-0.2198862950761794,wcaF
b2055,-0.31849008396810263,wcaE
b2056,-0.20344378883134434,wcaD
b2057,-0.358682064149095,wcaC
b2058,-0.05448659448660526,wcaB
b2059,-0.15315333779326235,wcaA
b2060,-0.1447814641235554,wzc
b2061,-0.15616522760767007,wzb
b2062,-0.11055664384171811,wza
b2064,-0.4199818350299908,asmA
b2066,-0.043189518538975666,udk
b2067,-0.6086306181287949,dgcE
b2068,-0.46615852043391864,alkA
b2069,-0.02401181116762759,yegD
b2070,-0.6817507661473433,yegI
b2074,-0.22107951709526158,mdtA
b2075,-0.4080001640584441,mdtB
b2076,-0.4824102556234845,mdtC
b2077,-0.49884236007749555,mdtD
b2078,-0.49748786547155244,baeS
b2079,-0.08910569731585416,baeR
b2080,-0.6875745776714484,yegP
b2081,-0.2017244505790702,yegQ
b2082,-0.25544157178378424,ogrK
b2085,-0.5440916610861238,yegR
b2086,-0.5137634728920624,yegS
b2091,-0.15393200984266114,gatD
b2092_1,-0.07234793471734201,NA
b2092_2,-0.10193607402195698,NA
b2093,-0.1679507851487367,gatB
b2094,-0.12986906906669934,gatA
b2095,-0.02639147888115021,gatZ
b2096,-0.0031663768142122105,gatY
b2097,-0.49565784168309557,fbaB
b2098,-0.3254439851826739,yegT
b2099,-0.03475313877725745,yegU
b2102,-0.38820121676826674,yegX
b2103,-0.4856474472860637,thiD
b2104,-0.4894996680684655,thiM
b2105,-0.5283788709174367,rcnR
b2106,-0.3962205540520486,rcnA
b2107,-0.399413474678625,rcnB
b2109,-0.35607110698234473,yehB
b2112,-0.6765249221568493,yehE
b2118,-0.6834213339556601,yehI
b2119,-0.03900037336382779,yehL
b2120,-0.28164276834655266,yehM
b2121,-0.3970710978302112,yehP
b2122,-0.48379462823010355,yehQ
b2124,-0.4606201020651422,yehS
b2125,-0.19171079098267602,btsR
b2126,-0.0996713069602076,btsS
b2127,-0.6478194318243176,mlrA
b2128,-0.591260635316359,yehW
b2129,-0.48699394399723944,yehX
b2130,-0.46532857027951297,yehY
b2131,-0.4886387443157391,osmF
b2133,-0.09177184853054568,dld
b2134,-0.11145585187316291,pbpG
b2135,-0.7077880177922945,yohC
b2136,-0.5347807431290544,yohD
b2137,-0.5813033506275783,yohF
b2139_2,-0.45624759101467166,NA
b2140,-0.026964570909279367,dusC
b2141,-0.04963865161192501,yohJ
b2142,-0.27071136130132584,yohK
b2143,-0.15439879484798535,cdd
b2145,-0.5387848349326334,yeiS
b2147,-0.0804656708800345,preA
b2148,-0.2635398365272016,mglC
b2149,-0.27141441060108346,mglA
b2150,-0.20774923812487855,mglB
b2151,-0.28257371848095064,galS
b2152,-0.3151116405306762,yeiB
b2153,-0.223641171582984,folE
b2154,-0.39324482489630486,yeiG
b2155,-0.1446839095921656,cirA
b2156,-0.052243931626737926,lysP
b2158,-0.48817741036695145,yeiH
b2161,-0.6764979497605251,nupX
b2162,-0.5271240044465045,rihB
b2163,-0.4600440302394656,yeiL
b2164,-0.4663639879095195,psuT
b2165,-0.18743809251587903,psuG
b2166,-0.14709050238275426,psuK
b2170,-0.15889773157358464,setB
b2175,-0.09077814228772844,mepS
b2176,-0.45499426481289096,pdeN
b2177,-0.4813516258093728,yejA
b2178,-0.4483744879877062,yejB
b2179,-0.6108245561702809,yejE
b2180,-0.4359494148061151,yejF
b2181,-0.44631547425806034,yejG
b2184,-0.18557395540946264,radD
b2187,-0.2533735631812438,yejL
b2188,-0.3590195591105148,yejM
b2190_2,-0.5757964864979987,NA
b2194,-0.07908444433066565,ccmH
b2195,-0.23876136871698117,ccmG
b2211,-0.21141298661834046,yojI
b2212,-0.4135016752598846,alkB
b2213,-0.4897733918992585,ada
b2216,-0.4454790359682449,rcsD
b2217,-0.3745363008180261,rcsB
b2218,-0.42749691041205856,rcsC
b2219,-0.36607579173127297,atoS
b2220,-0.42302254773433307,atoC
b2221,-0.38111975182327984,atoD
b2222,-0.3066635439521744,atoA
b2223,-0.4499270392788055,atoE
b2224,-0.5976125087009466,atoB
b2225,-0.32736388168190333,yfaP
b2226,-0.5554724848452012,yfaQ
b2230,-0.15860374700533922,yfaA
b2233,-0.5641125488290635,yfaL
b2237,-0.2454222861701272,inaA
b2239,-0.30559910361377457,glpQ
b2240,-0.20020829247981678,glpT
b2241,-0.05180977464954464,glpA
b2242,-0.17584021978549566,glpB
b2243,-0.14576730162299625,glpC
b2244,-0.5352635773789406,rpnE
b2245,-0.3456730682198958,yfaU
b2246,-0.4766554868646933,yfaV
b2247,-0.412308333419008,rhmD
b2248,-0.3926452994907922,yfaX
b2249,-0.03739362413866376,yfaY
b2252,-0.3175948462353047,ais
b2253,-0.4161717247645829,arnB
b2254,-0.3890270262231893,arnC
b2255,-0.39824033435325373,arnA
b2256,-0.4292387137947418,arnD
b2257,-0.5713787047692244,arnT
b2259,-0.1800049653469218,pmrD
b2265,-0.2545004806484528,menF
b2266,-0.6470931149883911,elaB
b2267,-0.21401784710763652,elaA
b2269,-0.3719908790895268,elaD
b2270,-0.2673535004120869,yfbK
b2272,-0.22692174567179513,yfbM
b2274,-0.34632516794879126,yfbO
b2275,-0.41103985516564323,yfbP
b2279,-0.28147213739792265,nuoK
b2280,-0.07553010505560127,nuoJ
b2287,-0.18398033669281139,nuoB
b2288,-0.29966153235384774,nuoA
b2289,-0.3524685885495051,lrhA
b2290,-0.23113024215106467,alaA
b2295,-0.6151257719402967,yfbV
b2301,-0.5584097066893262,yfcF
b2302,-0.5713466848929606,yfcG
b2303,-0.15619100279020195,folX
b2304,-0.5080967176515677,yfcH
b2305,-0.4230254688519468,rpnB
b2306,-0.3514503552342341,hisP
b2307,-0.4777485455257427,hisM
b2308,-0.4275421527129743,hisQ
b2309,-0.1549852850368278,hisJ
b2310,-0.4593336220215327,argT
b2311,-0.2608453300832045,ubiX
b2312,-0.28553329661925053,purF
b2313,-0.4653828204333734,cvpA
b2317,-0.5174405202512967,dedA
b2323,-0.2801996047903017,fabB
b2324,-0.07157572454505684,mnmC
b2325,-0.338824070064852,yfcL
b2326,-0.27339374322836996,epmC
b2327,-0.30248307581538697,yfcA
b2328,-0.06431409941689145,mepA
b2332,-0.5404744956715487,yfcO
b2340,-0.6176453646933524,sixA
b2341,-0.38122641513273525,fadJ
b2342,-0.2768554820184301,fadI
b2344,-0.11482869837214203,fadL
b2345,-0.2982216257349546,yfdF
b2347,-0.5421419115774724,yfdC
b2350,-0.3476510712063716,yfdG
b2351,-0.2273313532115983,yfdH
b2352,-0.12565973664560087,yfdI
b2354,-0.4817098794412446,yfdK
b2360,-0.2937799571898684,yfdQ
b2364,-0.3215386815778904,dsdC
b2365,-0.5836470740773854,dsdX
b2367,-0.5859564192643569,emrY
b2368,-0.5070972689428669,emrK
b2369,-0.037500004760708985,evgA
b2370,-0.19499104465317038,evgS
b2371,-0.4800151101870053,yfdE
b2372,-0.3569318124072549,yfdV
b2373,-0.15897627150075205,oxc
b2374,-0.2717573273059159,frc
b2375,-0.0407536123019112,yfdX
b2376,-0.21939928237137665,ypdI
b2377,-0.3818471391155503,yfdY
b2379,-0.14335959286081904,alaC
b2380,-0.061683253099172886,ypdA
b2381,-0.18711021221232757,ypdB
b2382,-0.21577391576153032,ypdC
b2383,-0.24417159943107794,fryA
b2384,-0.311074560627165,ypdE
b2385,-0.2468588557965752,ypdF
b2386,-0.40561329271414087,fryC
b2389,-0.563688980569449,yfeO
b2390,-0.5259640918920949,ypeC
b2392,-0.5694691119475825,mntH
b2394,-0.1754159961777647,insL-3
b2395,-0.02538065458430582,pdeA
b2398,-0.11007996970944241,yfeC
b2405,-0.3099483665341599,xapR
b2406,-0.6396415877526129,xapB
b2408,-0.6157701075608208,yfeN
b2409,-0.0993858981620324,yfeR
b2410,-0.3277290366836534,yfeH
b2413,-0.20199765887844923,cysZ
b2414,-0.08773907559109712,cysK
b2419,-0.5689759923919394,yfeK
b2420,-0.49972736763112624,yfeS
b2423,-0.12268188680175106,cysW
b2424,-0.12113894933773058,cysU
b2425,-0.2347864366306537,cysP
b2426,-0.029732299889756595,ucpA
b2427,-0.0797149153958199,murR
b2430,-0.21277810496104319,yfeW
b2432,-0.2634498779807364,yfeY
b2433,-0.12875314692134363,yfeZ
b2434,-0.2663002761007569,ypeA
b2436,-0.10448060099884336,hemF
b2437,-0.3458319874817752,eutR
b2442,-0.29885137290132435,intZ
b2443,-0.6106807043959085,yffL
b2446,-0.12955791715226356,yffO
b2447,-0.34764912063504677,yffP
b2449,-0.5380862297406627,yffR
b2451,-0.43255645488327665,eutA
b2452,-0.4977931314816244,eutH
b2453,-0.31991603896325227,eutG
b2454,-0.17735460344429205,eutJ
b2455,-0.07136866437095164,eutE
b2457,-0.34974604941709525,eutM
b2458,-0.32490652731814784,eutD
b2459,-0.25437839835227505,eutT
b2460,-0.2488879332875368,eutQ
b2461,-0.33079760235135447,eutP
b2463,-0.39559497043448216,maeB
b2464,-0.53051865039013,talA
b2465,-0.4927722041557633,tktB
b2466,-0.47469555134745756,ypfG
b2467,-0.05640781209234072,nudK
b2470,-0.0796001489197362,acrD
b2473,-0.43382903733670813,ypfH
b2474,-0.1830669927773416,tmcA
b2475,-0.5991984702326307,ypfJ
b2476,-0.30442567588584213,purC
b2479,-0.030354086733723296,gcvR
b2482,-0.5043050394448007,hyfB
b2484,-0.3518206995127186,hyfD
b2486,-0.5432640508554147,hyfF
b2487,-0.026550753210254678,hyfG
b2489,-0.05246929134436931,hyfI
b2491,-0.6784451632313416,hyfR
b2492,-0.42819474537502933,focB
b2494,-0.3193589395935831,bepA
b2495,-0.25581904856091514,yfgD
b2499,-0.37254613817387433,purM
b2500,-0.2029538786342115,purN
b2501,-0.23539470660028558,ppk
b2502,-0.23209498960309066,ppx
b2503,-0.12387138221566664,pdeF
b2504,-0.6102842375693109,yfgG
b2506,-0.44887330280174215,yfgI
b2508,-0.07297834015563187,guaB
b2509,-0.07370238873369828,xseA
b2510,-0.16348917832246848,yfgJ
b2512,-0.040335893679149706,bamB
b2515,-0.29158722781314705,ispG
b2517,-0.09733790335919998,rlmN
b2518,-0.08406512595616232,ndk
b2519,-0.2653501252154895,pbpC
b2520,-0.1839220059432065,yfhM
b2521,-0.08878171761189901,sseA
b2522,-0.12087182592724628,sseB
b2524,-0.35210949731633245,iscX
b2525,-0.13477120874590254,fdx
b2527,-0.10421899987070556,hscB
b2528,-0.4552862190057429,iscA
b2529,-0.47459080877187804,iscU
b2530,-0.33287823415876977,iscS
b2531,-0.5111854720337692,iscR
b2535,-0.3060721154829563,csiE
b2536,-0.34855291736665367,hcaT
b2537,-0.3982699437389354,hcaR
b2538,-0.7039674893347524,hcaE
b2539,-0.3746705855507403,hcaF
b2540,-0.26902426906714977,hcaC
b2541,-0.41638437919907,hcaB
b2542,-0.2901728599886334,hcaD
b2543,-0.6087707598095633,yphA
b2544,-0.44003813033881634,yphB
b2545,-0.39558141095199717,yphC
b2546,-0.49315624486035037,yphD
b2547,-0.41805056533288487,yphE
b2548,-0.5335709221920766,yphF
b2549,-0.44880416741683526,yphG
b2550,-0.5120716771960365,yphH
b2552,-0.06499920683560476,hmp
b2553,-0.26224278299175446,glnB
b2556,-0.24015419331600876,glrK
b2557,-0.31462702098097467,purL
b2558,-0.4993732447445154,mltF
b2559,-0.18509385403675216,tadA
b2560,-0.39108990543175837,pgpC
b2562,-0.29510676340388864,yfhL
b2563,-0.052108888319010574,acpS
b2565,-0.23688296639676162,recO
b2566,-0.08965508362486639,era
b2567,-0.3032304595301393,rnc
b2568,-0.2949959078640908,lepB
b2570,-0.4151448595060854,rseC
b2571,-0.5018665872399126,rseB
b2572,-0.3369833154851626,rseA
b2573,-0.45267206755571554,rpoE
b2574,-0.1895051528512534,nadB
b2575,-0.3798004703130722,yfiC
b2577,-0.5362369349699986,yfiE
b2578,-0.6519458100194259,eamB
b2582,-0.34662764375479627,trxC
b2584,-0.35389567555604134,patZ
b2585,-0.3906056817076505,pssA
b2586,-0.3436841716835676,yfiM
b2587,-0.4154565989253477,kgtP
b2592,-0.2958297696423416,clpB
b2594,-0.13098322473705365,rluD
b2597,-3.126371777625423e-4,raiA
b2599,-0.30599339866845265,pheA
b2600,-0.12155065299494251,tyrA
b2601,-0.10673191814773766,aroF
b2602,-0.6532116642664909,yfiL
b2603,-0.026857072292791183,yfiR
b2604,-0.07751107352679348,dgcN
b2605,-0.07493833201867078,yfiB
b2615,-0.27936352170051687,nadK
b2616,-0.16186361169917365,recN
b2617,-0.17989501547616144,bamE
b2619,-0.267581562653595,ratA
b2623,-0.2769127605479826,yfjH
b2625,-0.3338405623898037,yfjI
b2626,-0.38132272995599803,yfjJ
b2627,-0.3831681425294676,abpB
b2630,-0.3082331725796386,rnlA
b2631,-0.6044956637106393,rnlB
b2632,-0.4250371749924906,yfjP
b2633,-0.18485614625899582,yfjQ
b2641_2,-0.5968110927235042,NA
b2642,-0.36409429081434386,yfjW
b2647,-0.5451730989326214,ypjA
b2650,-0.13200505016993733,ypjC
b2659,-0.3849181409345497,csiD
b2660,-0.4245992387752463,lhgO
b2661,-0.46807533858857586,gabD
b2662,-0.4720936933674086,gabT
b2663,-0.5620461455269464,gabP
b2664,-0.5180084007278007,csiR
b2665,-0.5480930874261807,kbp
b2666,-0.3395777073455758,yqaE
b2667,-0.5862346913192575,ygaV
b2668,-0.4501300494372859,ygaP
b2669,-0.05420569267335475,stpA
b2671,-0.5472474157206074,ygaC
b2672,-0.5464094674306881,ygaM
b2673,-0.5568379552338009,nrdH
b2674,-0.4444419987337363,nrdI
b2675,-0.5509325654394269,nrdE
b2676,-0.6450168426622682,nrdF
b2681_1,-0.5772141859885643,NA
b2681_2,-0.38433174713080437,NA
b2682,-0.08383513440115573,ygaZ
b2683,-0.13270130136639796,ygaH
b2687,-0.043383604609130225,luxS
b2689,-0.17766434739552414,yqaA
b2696,-0.23203193683064055,csrA
b2701,-0.18237372596801976,mltB
b2702,-0.0965633823387584,srlA
b2703,-0.11337585594035852,srlE
b2705,-0.012070813149032224,srlD
b2706,-0.12512191244101206,gutM
b2709,-0.07126555931844478,norR
b2710,-0.49733134250415384,norV
b2711,-0.3913640956087726,norW
b2713,-0.43701442657109474,hydN
b2714,-0.0297303911723144,ascG
b2715,-0.29997773730389826,ascF
b2716,-0.46967889965439014,ascB
b2717,-0.42315566828053885,hycI
b2718,-0.3687084724500785,hycH
b2719,-0.2164059011914766,hycG
b2720,-0.11007009891283731,hycF
b2721,-0.11104350085622579,hycE
b2722,-0.23587842190209718,hycD
b2723,-0.13490671108243982,hycC
b2724,-0.2840468283031912,hycB
b2725,-0.2351582043681662,hycA
b2731,-0.22199733432009092,fhlA
b2732,-0.3951316301602862,ygbA
b2735,-0.4226800383652455,ygbI
b2736,-0.10297022747623331,ygbJ
b2737,-0.17251474626579932,ygbK
b2738,-0.12056629698514984,ygbL
b2739,-0.38140459715514213,ygbM
b2740,-0.34019600133151273,ygbN
b2741,-0.554354537507539,rpoS
b2742,-0.38326910794223085,nlpD
b2743,-0.4551735385904789,pcm
b2744,-0.057864369307941865,umpG
b2748,-0.4614882486744613,ftsB
b2749,-0.4446766956196221,ygbE
b2750,-0.033168733021136806,cysC
b2751,-0.09163546387959498,cysN
b2752,-0.11255815240283311,cysD
b2753,-0.38308039601636285,iap
b2754,-0.4554005320364871,cas2
b2755,-0.22351117807155663,cas1
b2756,-0.4666670329051785,casE
b2757,-0.3028312800669077,casD
b2758,-0.472960823654204,casC
b2760,-0.42183808017757896,casA
b2761,-0.48155375881538187,cas3
b2764,-0.028080847018296138,cysJ
b2768,-0.009114963339140771,ygcP
b2769,-0.24550990743611287,ygcQ
b2770,-0.42541747784239914,ygcR
b2771,-0.3885948834555437,ygcS
b2775,-0.15425660392541365,yqcE
b2776,-0.4100709296410944,ygcE
b2777,-0.14123209561833103,queE
b2781,-0.21916129752695765,mazG
b2782,-0.5498275540878741,mazF
b2783,-0.35361981878924353,mazE
b2785,-0.2789903713992265,rlmD
b2786,-0.0919480100338095,barA
b2787,-0.37453984430108517,gudD
b2788,-0.3798549208082302,gudX
b2789,-0.3535600381833551,gudP
b2790,-0.18601177711149378,yqcA
b2792,-0.04784686952659441,yqcC
b2793,-0.0684548095756644,syd
b2794,-0.012762099839327832,queF
b2795,-0.17395757636585302,ppnN
b2799,-0.18581570768450922,fucO
b2800,-0.20396514453756157,fucA
b2801,-0.08394842327084646,fucP
b2802,-0.062275542688039864,fucI
b2803,-0.009288673577865999,fucK
b2804,-0.07142384086759822,fucU
b2805,-0.21211531515810228,fucR
b2807,-0.26857519455957984,ygdD
b2808,-0.3933048220737353,gcvA
b2809,-0.6314124571212929,ygdI
b2813,-0.06739448279216685,mltA
b2818,-0.28384690158214776,argA
b2819,-0.23889691664103024,recD
b2820,-0.03571737826737055,recB
b2821,-0.3750729011535509,ptrA
b2823,-0.348328619210876,ppdC
b2825,-0.2974118271807891,ppdB
b2826,-0.6514920578168365,ppdA
b2831,-0.312853856594337,mutH
b2832,-0.1768157701200647,ygdQ
b2833,-0.4796096340625248,ygdR
b2835,-0.3849247431178162,lplT
b2836,-0.1682248803626132,aas
b2837,-0.2783508537150335,galR
b2838,-0.3202805013783492,lysA
b2840,-0.4500343856702044,ygeA
b2841,-0.23297947121852786,araE
b2842,-0.31450950326047555,kduD
b2843,-0.25895836020344876,kduI
b2844,-0.24770296175761586,yqeF
b2846,-0.3412985181096794,yqeH
b2847,-0.12934074751129535,yqeI
b2848,-0.3021953383382406,yqeJ
b2852,-0.2911326295078633,ygeH
b2859,-0.3756722171339004,ygeO
b2860,-0.1916783897787941,insD-4
b2861,-0.5233993202564798,insC-4
b2863,-0.3575217428584631,ygeQ
b2865,-0.2511632926025089,ygeR
b2866,-0.22276319341406267,xdhA
b2867,-0.31659377065352295,xdhB
b2868,-0.435004075581227,xdhC
b2869,-0.0774781722236869,ygeV
b2870,-0.1454621268515098,ygeW
b2871,-0.057637831213923775,ygeX
b2872,-0.26040889806444617,ygeY
b2873,-0.33540386497212793,hyuA
b2874,-0.4796739453550937,yqeA
b2875,-0.099187741362876,yqeB
b2877,-0.12641311038660646,mocA
b2878,-0.22914972017386986,ygfK
b2879,-0.11820060029379077,ssnA
b2880,-0.07089659589158642,ygfM
b2881,-0.355369142547517,xdhD
b2882,-0.510226293126476,xanQ
b2883,-0.3777551587296393,guaD
b2886,-0.5412175494593744,ygfS
b2887,-0.45754498031084534,ygfT
b2888,-0.5322722878972589,uacT
b2889,-0.5809848764229931,idi
b2897,-0.2718127391051575,sdhE
b2899,-0.6281018669501983,yqfA
b2900,-0.08785853086211289,yqfB
b2902,-0.09028804153258548,ygfF
b2910,-0.3381407311117535,zapA
b2912,-0.31992008906447406,fau
b2913,-0.1756969054223643,serA
b2917,-0.30104045892889275,scpA
b2918,-0.18428004974699785,argK
b2919,-0.19409327771370677,scpB
b2920,-0.13634166462066027,scpC
b2921,-0.50948188499096,ygfI
b2923,-0.12593660217124011,argO
b2924,-0.09095513760698795,mscS
b2928,-0.26812467156638,yggC
b2929,-0.3587550598525363,fumE
b2930,-0.5120866202392764,yggF
b2933,-0.5825597894801726,cmtA
b2936,-0.31032027522346306,loiP
b2939,-0.07085910379705604,yqgB
b2942,-0.1592738993665542,metK
b2944,-0.30716016876691676,yggI
b2948,-0.2922291103261083,yqgE
b2949,-0.03383546184997543,yqgF
b2950,-0.14216211071968612,yggR
b2953,-0.05111227992135011,yggU
b2956,-0.3406653275529728,yggM
b2960,-0.17094485261163167,trmI
b2961,-0.2364416437354549,mutY
b2962,-0.2518521718323684,yggX
b2963,-0.23362626204826153,mltC
b2964,-0.14310191987942725,nupG
b2968,-0.2928523244746006,yghD
b2975,-0.39707186301620695,glcA
b2976,-0.1253183129843389,glcB
b2977,-0.161922070435283,glcG
b2979,-0.26218693506856733,glcD
b2980,-0.3488825657045618,glcC
b2981,-0.44627059284699366,yghO
b2983,-0.38509065850623436,yghQ
b2984,-0.3102324356888763,yghR
b2987,-0.42793293611637473,pitB
b2989,-0.5555210951245761,yghU
b2990,-0.32203112450779525,hybG
b2991,-0.09536239840763798,hybF
b2998,-0.34832283767092004,yghW
b3001,-0.237436612058558,gpr
b3002,-0.024350726394058605,yqhA
b3003,-0.46472796031763025,yghA
b3005,-0.25462389367088767,exbD
b3006,-0.13621064299596505,exbB
b3008,-0.45325586391360984,metC
b3009,-0.019147665015825092,yghB
b3010,-0.0547628163804214,yqhC
b3012,-0.3438261891251882,dkgA
b3013,-0.4191825005973943,yqhG
b3020,-0.20429516203768613,ygiS
b3021,-0.5823740933962188,mqsA
b3022,-0.6025273628630754,mqsR
b3023,-0.11400267088933579,ygiV
b3024,-0.10946407050413827,ygiW
b3025,-0.00848252935767351,qseB
b3026,-0.29829519893728,qseC
b3031,-0.0697443174099452,yqiA
b3032,-0.026782427734082064,cpdA
b3033,-0.3150848031216979,yqiB
b3034,-0.30980332132137944,nudF
b3037,-0.11386563778328902,ygiB
b3039,-0.2573015150713921,ygiD
b3040,-0.32124097211474023,zupT
b3042,-0.039830793837520806,ubiK
b3046_2,-0.5354369412844933,NA
b3047,-0.30947853276376824,yqiH
b3048,-0.37372462795848443,yqiI
b3049,-0.45980348048861136,glgS
b3050,-0.386185051965611,yqiJ
b3051,-0.30394198362964064,yqiK
b3053,-0.15223884368211485,glnE
b3055,-0.2748355617584858,ygiM
b3056,-0.26064988623526036,cca
b3058,-0.11245208121532024,folB
b3059,-0.43642421853081625,plsY
b3061,-0.5045921724963557,ttdA
b3062,-0.2867771740998215,ttdB
b3063,-0.5308088726990734,ttdT
b3064,-0.14322698275742374,tsaD
b3065,-0.4099330392331785,rpsU
b3068,-0.25416757382886607,mug
b3070,-0.0375575520038655,nfeF
b3072,-0.28295907615443083,aer
b3073,-0.6769157124217138,patA
b3076,-0.12208623524208531,ebgA
b3078,-0.18766673144920712,ygjI
b3079,-0.4056970988334944,ygjJ
b3080,-0.33601237730774397,ygjK
b3081,-0.3246196031459755,fadH
b3082,-0.24731586672631703,higA
b3083,-0.4274387922391521,higB
b3087,-0.40825944428295435,ygjR
b3089,-0.06554170974071233,sstT
b3090,-0.47707303599494333,ygjV
b3093,-0.21305389712070044,exuT
b3094,-0.16050097212528297,exuR
b3095,-0.24180708012600644,yqjA
b3096,-0.2839957304732615,mzrA
b3097,-0.5147494367443919,yqjC
b3098,-0.4084369181784104,yqjD
b3099,-0.3664713851665323,yqjE
b3100,-0.35955857353637444,yqjK
b3101,-0.3092643463916031,yqjF
b3102,-0.41887033467410095,yqjG
b3103,-0.2654990026309864,yhaH
b3106,-0.3512466579494788,yhaK
b3107,-0.16535353622577081,yhaL
b3113,-0.3243973931000156,tdcF
b3114,-0.10394615292370833,tdcE
b3115,-0.13741526886616295,tdcD
b3116,-0.1937481401879013,tdcC
b3117,-0.11806672279287793,tdcB
b3118,-0.21447322698749616,tdcA
b3124,-0.3531007543013445,garK
b3125,-0.21863483764586836,garR
b3126,-0.21665278539425054,garL
b3127,-0.18147730364022108,garP
b3128,-0.18255183447021364,garD
b3129,-0.5644422513994823,prlF
b3130,-0.5883787741827309,yhaV
b3131,-0.3276791207094894,agaR
b3132,-0.017103347045441017,kbaZ
b3133,-0.2688303261799698,agaV
b3134,-0.2560630601415191,agaW
b3135,-0.3762413934783794,agaA
b3139,-0.23902072054591386,agaC
b3140,-0.4196329079295331,agaD
b3144,-0.49560195783450256,yraJ
b3145,-0.5496866726331735,yraK
b3149,-0.19641060903619084,diaA
b3151,-0.21227893127387834,yraQ
b3152,-0.4081276009674855,yraR
b3153,-0.6148342335310576,yhbO
b3154,-0.3203996093175845,yhbP
b3155,-0.3191893228413759,yhbQ
b3160,-0.16823418138803878,yhbW
b3163,-0.20647170166340084,nlpI
b3170,-0.02539060092555828,rimP
b3172,-0.062031283081503075,argG
b3173,-0.34844015789528654,yhbX
b3175,-0.182845377772792,secG
b3179,-0.4908628770883646,rlmE
b3182,-0.1434619588741979,dacB
b3183,-0.04157538592232723,obgE
b3185,-0.06109823890933994,rpmA
b3186,-0.04169225543630236,rplU
b3190,-0.3020852226061575,ibaG
b3191,-0.03134749693903797,mlaB
b3196,-0.27396355027781216,yrbG
b3198,-0.2296654567141693,kdsC
b3199,-0.2244762951817417,lptC
b3200,-0.009107840273311222,lptA
b3202,-0.17218363697803354,rpoN
b3203,-0.41523041896116725,hpf
b3204,-0.160341455502402,ptsN
b3205,-0.24356475154944265,rapZ
b3206,-0.31176654942965265,npr
b3207,-0.24641294368936267,yrbL
b3208,-0.2140695635583581,mtgA
b3210,-0.055558957198551216,arcB
b3212,-0.08882692927323385,gltB
b3213,-0.0861384145325304,gltD
b3215,-0.24940970439649188,yhcA
b3216,-0.5151545487656793,yhcD
b3219,-0.4413793937621785,yhcF
b3220,-0.0794526180620593,yhcG
b3221,-0.34922650428664803,yhcH
b3222,-0.1510352726791456,nanK
b3223,-0.1600504451161651,nanE
b3224,-0.10794663186034234,nanT
b3225,-0.032914959590899934,nanA
b3227,-0.45204874603531503,dcuD
b3232,-0.1475323496192366,zapE
b3235,-0.1634529325664799,degS
b3237,-0.001279718317304068,argR
b3238,-0.17259672182977953,yhcN
b3239,-0.6311760148638819,yhcO
b3240,-0.26971817598005404,aaeB
b3241,-0.17614927404099062,aaeA
b3247,-0.1663121836435181,rng
b3248,-0.013335668051962622,yhdE
b3249,-0.18205768812583895,mreD
b3250,-0.02131140001882005,mreC
b3252,-0.1259341436322894,csrD
b3261,-0.25868461342680227,fis
b3262,-0.5496086141699508,yhdJ
b3263,-0.5405596349350156,yhdU
b3266,-0.4742284249480589,acrF
b3267,-0.3312217199663906,yhdV
b3268_2,-0.6635941923918244,NA
b3269,-0.6430295440966766,yhdX
b3270,-0.6010870764201084,yhdY
b3271,-0.33192839800581897,yhdZ
b3280,-0.6235392537341059,yrdB
b3281,-0.31252185016206013,aroE
b3282,-0.3352137839159192,tsaC
b3283,-0.5808477139912659,yrdD
b3284,-0.4887549322898936,smg
b3287,-0.37406796753258514,def
b3290,-0.1442236161761275,trkA
b3291,-0.22537750277111612,mscL
b3292,-0.3069385970353677,zntR
b3293,-0.24275454979010866,yhdN
b3302,-0.014996230417473298,rpmD
b3309,-0.10204746941363703,rplX
b3310,-0.03335817207409294,rplN
b3322,-0.3816651403158425,gspB
b3323,-0.5849606457652133,gspA
b3324,-0.22401347644191252,gspC
b3325,-0.1358998353553478,gspD
b3326,-0.04781008505302573,gspE
b3327,-0.15098983447006328,gspF
b3328,-0.24693996034040164,gspG
b3332,-0.2964756586299101,gspK
b3333,-0.4406767689259961,gspL
b3335,-0.1692222792688995,gspO
b3336,-0.5249491062764774,bfr
b3337,-0.5994271801492468,bfd
b3338,-0.3326188849094729,chiA
b3343,-0.13989729987764796,tusB
b3344,-0.24336182699297543,tusC
b3345,-0.13986887862080297,tusD
b3346,-0.28150602340667813,yheO
b3350,-0.2888174023259903,kefB
b3351,-0.36368862616845543,kefG
b3353,-0.12170662074903595,yheT
b3354,-0.4331390657098356,yheU
b3355,-0.3341174047207582,prkB
b3356,-0.4404170207658602,yhfA
b3357,-0.04743618556586793,crp
b3358,-0.1427111990449877,yhfK
b3359,-0.20151856232456886,argD
b3360,-0.4232630411351825,pabA
b3361,-0.5119721827317506,fic
b3362,-0.552499270214202,yhfG
b3364,-0.1250663027657494,tsgA
b3369,-0.008878921469002632,yhfL
b3370,-0.004721189886543846,frlA
b3371,-0.11144904278322461,frlB
b3379,-0.1376787414736806,php
b3380,-0.1660765429486079,yhfW
b3381,-0.3462875345987556,yhfX
b3382,-0.2103423599427727,yhfY
b3387,-0.10188966603893103,dam
b3389,-0.07088003293048188,aroB
b3390,-0.05302954716379958,aroK
b3391,-0.35072123404612515,hofQ
b3395,-0.21145999103384094,hofM
b3396,-0.05346719807095168,mrcA
b3397,-0.27208386214443825,nudE
b3398,-0.20234409779813972,igaA
b3399,-0.3285139552227041,yrfG
b3400,-0.16474687759958442,hslR
b3401,-0.15059727738370693,hslO
b3402,-0.06228358047982871,yhgE
b3408,-0.07954425776048468,feoA
b3411,-0.38073020019896364,rpnA
b3414,-0.2837997982543887,nfuA
b3421,-0.27069460388333716,rtcB
b3422,-0.0019431332880445087,rtcR
b3423_1,-0.11125515229097321,NA
b3425,-0.4187222316368877,glpE
b3426,-0.2390435300155752,glpD
b3428,-0.39432272211178226,glgP
b3429,-0.34285212337920556,glgA
b3430,-0.22638168709056797,glgC
b3431,-0.3028148989606767,glgX
b3432,-0.10115585654490263,glgB
b3434,-0.08241967678519528,yhgN
b3438,-0.24180012975924509,gntR
b3439,-0.20894582132410966,yhhW
b3442,-0.46516825662436,yhhZ
b3446,-0.4305787424577744,yrhB
b3447,-0.31392216148934626,ggt
b3448,-0.5577418234748334,yhhA
b3449,-0.22964871912858034,ugpQ
b3450,-0.3421311609529911,ugpC
b3451,-0.4038731748178907,ugpE
b3452,-0.3592525204633547,ugpA
b3453,-0.42079947456454914,ugpB
b3454,-0.15686963607515592,livF
b3455,-0.1941829023536723,livG
b3456,-0.21485059921630173,livM
b3457,-0.1664308695936684,livH
b3458,-0.13514995067757665,livK
b3460,-0.27815815869445654,livJ
b3466,-0.04402042211871357,yhhL
b3467,-0.03946077667366315,yhhM
b3468,-0.016086253273020327,yhhN
b3470,-0.4130135256196824,tusA
b3471,-0.37657652085900395,yhhQ
b3474,-0.45085793021374154,yhhT
b3475,-0.03445382622017238,acpT
b3482,-0.19138120031014072,rhsB
b3484,-0.4539202101289643,yhhI
b3488,-0.6165467064214092,yhiJ
b3491,-0.3790275055312074,yhiM
b3492,-0.0035027536540034885,yhiN
b3494,-0.6511672761097561,uspB
b3496,-0.24300431044658494,dtpB
b3498,-0.20909711490707567,prlC
b3501,-0.2137963610280497,arsR
b3503,-0.1079614023901502,arsC
b3506,-0.14262733506047648,slp
b3507,-0.20912453248001292,dctR
b3508,-0.28324262082845136,yhiD
b3509,-0.31624864131166686,hdeB
b3510,-0.30233657353523935,hdeA
b3511,-0.25406154083588367,hdeD
b3512,-0.25612584130858074,gadE
b3513,-0.16223631813438344,mdtE
b3514,-0.17185311878768073,mdtF
b3515,-0.15909375285034547,gadW
b3516,-0.3183084102186073,gadX
b3517,-0.37506798371997463,gadA
b3519,-0.5159397621538703,treF
b3520,-0.49286662252201496,yhjB
b3521,-0.024415041873896214,yhjC
b3522,-0.5052729396107801,yhjD
b3523,-0.3237600073833448,yhjE
b3524,-0.5338520929090301,yhjG
b3525,-0.29275971761610486,pdeH
b3526,-0.05621207412589892,kdgK
b3527,-0.06068476940461965,yhjJ
b3528,-0.14036015480582026,dctA
b3529,-0.6212632778423918,pdeK
b3530,-0.5788330466827827,bcsC
b3531,-0.2298316417615694,bcsZ
b3532,-0.17315942998568748,bcsB
b3533,-0.3241211129727036,bcsA
b3534,-0.3414775494172798,bcsQ
b3535,-0.3899162070953057,yhjR
b3536,-0.47143957947913934,bcsE
b3538,-0.36235807119941843,bcsG
b3539,-0.061128940927009386,yhjV
b3542,-0.029963304860345145,dppC
b3544,-0.21649757701255995,dppA
b3546,-0.36752902777456,eptB
b3547,-0.6992653913971266,yhjX
b3548,-0.6157763298963832,yhjY
b3549,-0.3836867160442196,tag
b3550,-0.35747814881281775,yiaC
b3555,-0.6067690116932147,yiaG
b3556,-0.22538918589727105,cspA
b3557,-0.4809828301914973,insJ
b3558,-0.38694665884309987,insK
b3561,-0.5305352037161167,wecH
b3562,-0.10886409850648421,yiaA
b3563,-0.25419285089589283,yiaB
b3564,-0.1730570410254293,xylB
b3565,-0.2296332237298404,xylA
b3566,-0.23134617081819833,xylF
b3567,-0.20612475971900762,xylG
b3568,-0.2135621055018136,xylH
b3569,-0.09351572191379762,xylR
b3570,-0.5362526341480088,bax
b3571,-0.21355864795770851,malS
b3572,-0.3534782951110513,avtA
b3575,-0.27806581462052105,yiaK
b3576,-0.2548193470109316,yiaL
b3577,-0.1616292572115229,yiaM
b3578,-0.23053517138128396,yiaN
b3579,-0.19343009088135302,yiaO
b3580,-0.10441371065137744,lyxK
b3581,-0.1935355999085134,sgbH
b3582,-0.14189383789811968,sgbU
b3583,-0.3409484662100443,sgbE
b3584,-0.4167969381677561,yiaT
b3585,-0.5810031779373945,yiaU
b3586,-0.8118380552103673,yiaV
b3588,-0.5184074575373012,aldB
b3589,-0.45448047215677057,yiaY
b3592,-0.40359879798820597,yibF
b3593,-0.05182851742107056,rhsA
b3594,-0.4790672318820358,yibA
b3595,-0.3090055267345041,yibJ
b3597,-0.5483502319327345,yibH
b3598,-0.43033826966948496,yibI
b3599,-0.18850972846320552,mtlA
b3600,-0.16751738797652468,mtlD
b3601,-0.10989632413655034,mtlR
b3603,-0.42119382755873536,lldP
b3604,-0.4772566442313814,lldR
b3605,-0.41456537587437364,lldD
b3607,-0.3565931109095684,cysE
b3608,-0.09301676240355895,gpsA
b3610,-2.3449917335004262e-4,grxC
b3611,-0.2491286052275119,yibN
b3614,-0.1926629462541596,yibQ
b3615,-0.4021880554593616,waaH
b3618,-0.2668366320444667,htrL
b3622,-0.23870370711744987,waaL
b3624,-0.10103721753337966,waaZ
b3625,-0.09008450249780656,waaY
b3626,-0.05918889500266456,waaJ
b3627,-0.053770506256913646,waaO
b3628,-0.10927398665363093,waaB
b3634,-0.1595484764955773,coaD
b3635,-0.042288149376651804,mutM
b3636,-0.11452879977324343,rpmG
b3637,-0.12040281128428605,rpmB
b3638,-0.07132100999544805,yicR
b3645,-0.44821736738154117,dinD
b3647,-0.29322470060659184,ligB
b3649,-0.05659719111072589,rpoZ
b3653,-0.11130950693519003,gltS
b3654,-0.5155006868757263,xanP
b3656,-0.054994945294861534,yicI
b3657,-0.06246611462587513,yicJ
b3659,-0.563841763966414,setC
b3660,-0.21775193205459437,yicL
b3661,-0.3143411305431243,nlpA
b3662,-0.017430304589649045,nepI
b3663,-0.14994448837571817,yicN
b3664,-0.560430605679613,adeQ
b3665,-0.013939731328496885,adeD
b3666,-0.1604614632730189,uhpT
b3667,-0.24566172991008065,uhpC
b3668,-0.11078942555246006,uhpB
b3669,-0.3003092242774523,uhpA
b3670,-0.5200877827956571,ilvN
b3671,-0.2283921661943391,ilvB
b3672,-0.20977536397112498,ivbL
b3674,-0.16430550170787608,yidF
b3675,-0.4606393879125768,yidG
b3676,-0.6052163791774099,yidH
b3677,-0.32319352445327404,yidI
b3678,-0.3790631712762854,yidJ
b3679,-0.33395760407489616,yidK
b3680,-0.5270125229677447,yidL
b3683,-0.46601638421620967,glvC
b3684,-0.2796006908619791,yidP
b3686,-0.2571362674055062,ibpB
b3687,-0.3522522922955273,ibpA
b3688,-0.6853205916081819,yidQ
b3690,-0.22713538886603654,cbrA
b3691,-0.4156891781158273,dgoT
b3693,-0.5348570157677368,dgoK
b3696,-0.47747862923177925,yidX
b3698,-0.4389940004077934,yidB
b3703,-0.24907271651947088,rpmH
b3704,-0.07060588961465492,rnpA
b3708,-0.1323891335017516,tnaA
b3709,-0.25563368496363154,tnaB
b3710,-0.09319442206836077,mdtL
b3713,-0.10652597913463627,yieF
b3714,-0.2668688595346821,adeP
b3715,-0.409475883108742,yieH
b3716,-0.39690656731236224,cbrB
b3717,-0.2238478414105617,cbrC
b3718,-0.06809593892945026,yieK
b3719,-0.2108962528141394,yieL
b3720,-0.31384704087200455,bglH
b3721,-0.08013566839579543,bglB
b3722,-0.38424587614215167,bglF
b3723,-0.2265937315746056,bglG
b3725,-0.017631235445569375,pstB
b3727,-0.1015318271041522,pstC
b3728,-0.14061467207562203,pstS
b3737,-0.20931715558024325,atpE
b3739,-0.10416904200806529,atpI
b3742,-0.49477201031925055,mioC
b3749,-0.11082515347168906,rbsA
b3750,-0.16214497369646916,rbsC
b3752,-0.011355306743684096,rbsK
b3753,-0.21209101251613163,rbsR
b3765,-0.38533933874333987,yifB
b3766,-0.007621181393171082,ilvL
b3774,-0.2610994452881176,ilvC
b3777_2,-0.3723543297029412,NA
b3779,-0.02318892493606032,gpp
b3781,-0.279827346275298,trxA
b3793,-0.056707243861424575,wzyE
b3794,-0.039271316784775134,rffM
b3795,-0.2100622530407807,yifK
b3800,-0.14245004814402965,aslB
b3801,-0.41430035551680605,aslA
b3806,-0.028533093303941763,cyaA
b3820,-0.17476510578291582,yigI
b3823,-0.3670792239744018,rhtC
b3824,-0.0805160279081955,rhtB
b3826,-0.05219198488738189,yigL
b3827,-0.36320668790399124,bioP
b3828,-0.4857117075788747,metR
b3829,-0.038980852782063036,metE
b3830,-0.6617809541839297,ysgA
b3836,-0.08208840207205882,tatA
b3842,-0.2962406425207197,rfaH
b3844,-0.13155516248148577,fre
b3845,-0.385822573397179,fadA
b3846,-0.3100598539893479,fadB
b3849,-0.14303596744438032,trkH
b3850,-0.08628650086662465,hemG
b3856,-0.05205144451383133,mobB
b3857,-0.049881043963181534,mobA
b3862,-0.1789244651338395,yihG
b3866,-0.3886614232896331,yihI
b3873,-0.13679194492982388,yihM
b3874,-0.08711392064385598,yihN
b3875,-0.34319777105615323,ompL
b3876,-0.4910457762297101,yihO
b3877,-0.2646020678745611,yihP
b3878,-0.2923420137994879,yihQ
b3879,-0.32155401445209325,yihR
b3880,-0.245469425438326,yihS
b3881,-0.25347316714880913,yihT
b3882,-0.2241640511556783,yihU
b3883,-0.20774657452716222,yihV
b3884,-0.08078975404158856,yihW
b3885,-0.10350674460480457,yihX
b3886,-0.40058675221339607,yihY
b3887,-0.289060736353734,dtd
b3888,-0.18417107740974326,yiiD
b3895,-0.30532886070872856,fdhD
b3896,-0.0351876064545574,yiiG
b3897,-0.36146460454335383,frvR
b3898,-0.20634478890840754,frvX
b3899,-0.5416721720196308,frvB
b3904,-0.17797468116016987,rhaB
b3905,-0.34482019825333377,rhaS
b3906,-0.24953524724971193,rhaR
b3907,-0.6323526329841326,rhaT
b3908,-0.08041979303357595,sodA
b3909,-0.3095266622975009,kdgT
b3910,-0.3676955493974339,yiiM
b3911,-0.10130274593700861,cpxA
b3912,-0.20110963159459513,cpxR
b3915,-0.09207124138182751,fieF
b3917,-0.2357144653096376,sbp
b3918,-0.05083564512855702,cdh
b3921,-0.19643063488969542,yiiR
b3922,-0.4613662326111361,yiiS
b3923,-0.39261373436496416,uspD
b3926,-0.24883943670493044,glpK
b3927,-0.32826587457155154,glpF
b3929,-0.10013484354712646,rraA
b3936,-0.043659064471880185,rpmE
b3937,-0.26872979331187735,yiiX
b3938,-0.39164181035716156,metJ
b3939,-0.276537292467616,metB
b3940,-0.1898147974375537,metL
b3941,-0.47455566870011595,metF
b3946,-0.005065827087102137,fsaB
b3947,-0.023800137719211228,ptsA
b3949,-0.2176009573287042,frwC
b3951,-0.27327143126187314,pflD
b3952,-0.1300030231467134,pflC
b3954,-0.14885158211329447,yijO
b3957,-0.02304920320410885,argE
b3958,-0.17276574794087507,argC
b3959,-0.2162431130201875,argB
b3960,-0.11618490247063136,argH
b3962,-0.078052645695079,sthA
b3964,-0.32390960759968995,yijD
b3965,-0.3391701682620366,trmA
b3972,-0.27131283599732736,murB
b3973,-0.030647128545772114,birA
b3974,-0.23576681613331396,coaA
b3990,-0.4960923704311976,thiH
b3991,-0.4652847251222701,thiG
b3992,-0.4572571485872808,thiF
b3993,-0.3751263819924805,thiE
b3994,-0.36823281512044226,thiC
b3995,-0.5509912711150233,rsd
b3996,-0.2976691556456421,nudC
b3998,-0.09061536914601317,nfi
b4004,-0.18594929105122718,zraR
b4005,-0.06259106851790708,purD
b4006,-0.1229372241804392,purH
b4012,-0.3816248378154033,yjaB
b4013,-0.5348687304199566,metA
b4014,-0.4199057836586578,aceB
b4015,-0.33955481196419557,aceA
b4016,-0.4927155807485408,aceK
b4017,-0.3654220694015919,arpA
b4019,-0.09291528613271223,metH
b4023,-0.11107666462489614,yjbD
b4024,-0.0830468119540186,lysC
b4026,-0.03465890587613672,yjbE
b4027,-0.11082986937775707,yjbF
b4028,-0.051857816285165934,yjbG
b4029,-0.46306144179295483,yjbH
b4030,-0.21427333033690354,psiE
b4031,-0.16845563939622224,xylE
b4032,-0.2055417045693264,malG
b4033,-0.15324876222717132,malF
b4034,-0.05535940619061307,malE
b4035,-0.0255745588309115,malK
b4036,-0.2059475352451508,lamB
b4037,-0.24458069709567642,malM
b4038_3,-0.3351499868534033,NA
b4039,-0.2484461657451136,ubiC
b4040,-0.09930462189167963,ubiA
b4042,-0.374521678998458,dgkA
b4045,-0.5304402768621052,yjbJ
b4050,-0.48805543547277525,pspG
b4051,-0.39456925800183623,qorA
b4054,-0.13431841705069564,tyrB
b4056,-0.4721564777593447,yjbQ
b4057,-0.5625671301282221,yjbR
b4058,-0.10706032451004698,uvrA
b4060,-0.3141789175987974,yjcB
b4061,-0.587520994386741,pdeC
b4062,-0.3408346764590184,soxS
b4063,-0.27577703410458565,soxR
b4064,-0.3387381283902173,ghxP
b4066,-0.5332734888642746,yjcF
b4067,-0.35881153634755925,actP
b4068,-0.4271072067876685,yjcH
b4069,-0.30313098230718394,acs
b4074,-0.2708790348645223,nrfE
b4076,-0.26468665812913406,nrfG
b4078,-0.16151314189475866,yjcO
b4081,-0.34652085442550146,mdtO
b4082,-0.2502368413277231,mdtN
b4083,-0.23861660815139746,yjcS
b4084,-0.49316308178206036,alsK
b4085,-0.4182783992129192,alsE
b4086,-0.14384202668962476,alsC
b4087,-0.2897844294071462,alsA
b4088,-0.2682662683721245,alsB
b4089,-0.3419041224944009,alsR
b4090,-0.3603080703148717,rpiB
b4092,-0.2984864554381774,phnP
b4093,-0.36994245709615975,phnO
b4094,-0.460837812030408,phnN
b4095,-0.12861588376682792,phnM
b4096,-0.5967465657739041,phnL
b4098,-0.34647798901090665,phnJ
b4099,-0.38498923059188755,phnI
b4102,-0.2521095325055243,phnF
b4105,-0.3721851331118888,phnD
b4106,-0.3530156707367126,phnC
b4107,-0.6729557818079223,yjdN
b4109,-0.14095432793528018,crfC
b4110,-0.17462458233068887,yjcZ
b4111,-0.13011245153064455,proP
b4112,-0.006402131228811527,basS
b4114,-0.17868845963179067,eptA
b4115,-0.027272456215328925,adiC
b4117,-0.14458433211929336,adiA
b4118,-0.1489206967756447,melR
b4119,-0.1526894848754892,melA
b4120,-0.24914780702821368,melB
b4121,-0.15380450599140758,yjdF
b4124,-0.023305674423035178,dcuR
b4126,-0.5065290288248891,yjdI
b4127,-0.5601281657409772,yjdJ
b4128,-0.07960743207642475,ghoS
b4130,-0.3569010585920969,dtpC
b4131,-0.48574935335790237,cadA
b4132,-0.16177360995716725,cadB
b4135,-0.6197298503972399,yjdC
b4140,-0.43149522800253504,fxsA
b4141,-0.24393461701484642,yjeH
b4142,-0.3689312685092699,groS
b4143,-0.058858220416974055,groL
b4144,-0.16156211630228595,yjeI
b4146,-0.18228439205908828,epmB
b4148,-0.20392310769007052,gdx
b4149,-0.4610554396410388,blc
b4155,-0.31240157406942193,epmA
b4156,-0.011407561087322065,yjeM
b4159,-0.13507680257078697,mscM
b4166,-0.007375260086207818,queG
b4167,-0.3377392402509513,nnr
b4168,-0.37757778696829886,tsaE
b4169,-0.05189857351127082,amiB
b4171,-0.23902236735237362,miaA
b4172,-0.013883619358195707,hfq
b4186,-0.39217951930394185,yjfC
b4187,-0.49314158324870905,aidB
b4188,-0.34842682985356677,yjfN
b4189,-0.39071128335819155,bsmA
b4190,-0.20332748034909154,yjfP
b4193,-0.1711222295135824,ulaA
b4196,-0.32122019656582024,ulaD
b4197,-0.053820863471748415,ulaE
b4199,-0.6061445079548742,yjfY
b4204,-0.07211506712578195,yjfZ
b4206,-0.048657228456095845,ytfB
b4208,-0.41110254496264237,cycA
b4210,-0.38641962464032537,ytfF
b4212,-0.4401024860545945,ytfH
b4214,-0.17427216435140688,cysQ
b4215,-0.5942047452722458,ytfI
b4216,-0.20614566163110193,ytfJ
b4217,-0.6179158256673629,ytfK
b4218,-0.13995129357968797,ytfL
b4219,-0.06470252759859663,msrA
b4222,-0.40249767514751233,ytfP
b4224,-0.27097759322350007,chpS
b4225,-0.13797961451660848,chpB
b4227,-0.36993616317401556,ytfQ
b4230,-0.3237434521821159,ytfT
b4231,-0.44022982301749886,yjfF
b4234,-0.040339501121126414,yjgA
b4236,-0.06215748159770683,NA
b4237,-0.17382615472531115,nrdG
b4244,-0.0162479385923338,pyrI
b4246,-0.2196389631176824,pyrL
b4248,-0.441703350813653,yjgH
b4249,-0.3087423769623612,bdcA
b4251,-0.31507873128293273,bdcR
b4252,-0.2517483600964697,tabA
b4253,-0.43528356524022793,yjgL
b4254,-0.25892879749984904,argI
b4257,-0.3589490136938375,yjgN
b4261,-0.14952502878336824,lptF
b4263,-0.4882047044161797,yjgR
b4264,-0.42537226139451284,idnR
b4265,-0.35109006459626996,idnT
b4266,-0.3305524360326515,idnO
b4267,-0.24814199744872265,idnD
b4268,-0.4687665003021979,idnK
b4269,-0.453234312375142,ahr
b4271,-0.3677607552006839,intB
b4278,-0.025472575072448524,insG
b4279,-0.5607425528408074,yjhB
b4280,-0.3923734529706794,yjhC
b4284,-0.4387990898788079,insI-3
b4287,-0.02284282099738414,fecE
b4292,-0.17981270824199128,fecR
b4293,-0.3480404743982227,fecI
b4294,-0.21943127937120624,insA-7
b4295,-0.12393144616465501,yjhU
b4296,-0.3324538668500752,yjhF
b4297,-0.42623817059154606,yjhG
b4298,-0.34824289807304737,yjhH
b4299,-0.3765095779755345,yjhI
b4300,-0.6558205404508373,sgcR
b4301,-0.43691068628722185,sgcE
b4302,-0.4802334623681517,sgcA
b4303,-0.5376285531638564,sgcQ
b4304,-0.5024532752604929,sgcC
b4305,-0.48241526680761615,sgcX
b4307,-0.01539390093882368,yjhQ
b4308_2,-0.25890774107125286,NA
b4309,-0.47045582578540956,nanS
b4310,-0.36577626067660307,nanM
b4311,-0.2935822318697128,nanC
b4313,-0.4166431304191951,fimE
b4317,-0.02174220618706579,fimD
b4318,-0.12586539686193723,fimF
b4319,-0.1357265889561268,fimG
b4320,-0.2697049571509696,fimH
b4321,-0.047064957390030936,gntP
b4325,-0.27550758995191943,yjiC
b4326,-0.2638442533065573,iraD
b4327,-0.001954112511868207,hypT
b4329,-0.1496452399546434,yjiG
b4331,-0.5873590439263123,kptA
b4332,-0.42420706209583114,yjiJ
b4333,-0.1326890308554292,yjiK
b4336,-0.45390135438991436,yjiN
b4339,-0.4000384808341563,NA
b4340,-0.3534576524305556,yjiR
b4342,-0.17463776517230412,yjiT
b4345,-0.16870850023772777,mcrC
b4346,-0.06673294419897897,mcrB
b4348,-0.088973053503646607,hsdS
b4353,-0.32823140318252547,yjiX
b4354,-0.053318237964502614,btsT
b4355,-0.3250210683349713,tsr
b4356,-0.42333554944506585,lgoT
b4357,-0.17627770123748493,lgoR
b4358,-0.26414649389940026,lgoD
b4359,-8.469945169067894e-4,opgB
b4361,-0.09696799035373768,dnaC
b4366,-0.39838956173596374,bglJ
b4367,-0.400463770593973,fhuF
b4371,-0.0021032630156513294,rsmC
b4372,-0.004642532375584334,holD
b4373,-0.24510027717939833,rimI
b4374,-0.2878179581332324,yjjG
b4376,-0.21058862871430375,osmY
b4377,-0.4706900450659607,yjjU
b4378,-0.4760354234559677,yjjV
b4381,-0.10167406984745006,deoC
b4382,-0.1381466006348786,deoA
b4383,-0.04749662999546439,deoB
b4390,-0.060047343576848544,nadR
b4392,-0.23799210083938568,slt
b4393,-0.29635734528524155,trpR
b4395,-0.3011347216903422,ytjC
b4396,-0.1147199865797254,rob
b4397,-0.3604849646578197,creA
b4399,-0.29435489873305176,creC
b4400,-0.6045931480595532,creD
b4401,-0.09149840869572888,arcA
b4406,-0.22150652216178415,yaeP
b4407,-0.2847728601037343,thiS
b4409,-0.07862327351383211,blr
b4410,-0.09132131752365383,ecnA
b4411,-0.578095475185026,ecnB
b4428,-0.33592901514240825,hokB
b4460,-0.5184982369886748,araH
b4461,-0.17963691550598734,yfjD
b4462,-0.44077633209487554,ygaQ
b4463,-0.16256140584101603,ygcU
b4464,-0.5047940010834179,ghxQ
b4465,-0.3887857909364055,yggP
b4467,-0.27232488179883724,glcF
b4468,-0.28273995406815555,glcE
b4471,-0.426488066328577,tdcG
b4472,-0.16373349641600368,yhdP
b4473,-0.3424232661805498,smf
b4474,-0.17459961600725982,frlC
b4475,-0.13761327298578369,rtcA
b4477,-0.20998002956542772,dgoA
b4478,-0.5296028641127134,dgoD
b4480,-0.1351364895493156,hdfR
b4481,-0.05322177957977539,rffT
b4482,-0.12196043403200295,yigE
b4484,-0.22819741999023332,cpxP
b4485,-0.36695353476637016,ytfR
b4486,-0.5168722278383795,yjiV
b4487,-0.5520250160172296,yjdP
b4488_1,-0.0013513057968971697,NA
b4488_2,-0.008679553991746329,NA
b4490_2,-0.3364848561848666,NA
b4491_1,-0.4716274701314829,NA
b4492_1,-0.3816661492302404,NA
b4492_3,-0.1757951654038265,NA
b4493_1,-0.4311852950244849,NA
b4493_2,-0.31816387936685125,NA
b4495_1,-0.19062678044697456,NA
b4495_2,-0.4814663001949588,NA
b4496_1,-0.6672097285731527,NA
b4496_2,-0.7322278103937722,NA
b4497,-0.3287302848848573,yeeL
b4498_1,-0.5267441438821728,NA
b4498_2,-0.34050699666638906,NA
b4499_1,-0.4514855676720546,NA
b4500,-0.44927849216409343,yfaS
b4501,-0.1357417642794466,torI
b4505,-0.4378051414849242,NA
b4506,-0.0878842821547665,ykgO
b4511,-0.321015444401671,ybdZ
b4512,-0.595063784648662,ybdD
b4517,-0.11064159072175561,gnsA
b4518,-0.5688331291609589,ymdF
b4519,-0.2603897445896334,icdC
b4522,-0.4479267498820558,ymiA
b4523,-0.40205327782657946,yciX
b4529,-0.41867090793979217,ydbJ
b4536,-0.4914651032750939,yobH
b4539,-0.5938408951165053,yoeB
b4543,-0.4014709554491236,ypaA
b4544,-0.5434525150158195,arnE
b4546,-0.28796123519046507,ypeB
b4547,-0.3307352616943893,ypfN
b4550,-0.6005227275964242,arfA
b4551,-0.5264607578022871,yheV
b4553,-0.6227908653427255,ysaB
b4554,-0.4277567954794159,yibT
b4555,-0.5315152621440177,yicS
b4556,-0.016991508827768873,NA
b4557,-0.19485271971432055,yidD
b4558,-0.2687143439243603,yifL
b4565,-0.6247379655404725,sgcB
b4567,-0.36140070501691635,yjjZ
b4568,-0.4857121680975237,ytjA
b4571_1,-0.0097670428228336,NA
b4571_2,-0.23170569956156548,NA
b4572,-0.3849593636395855,ylbE
b4575_2,-0.4086901460823423,NA
b4576,-0.327926243251282,NA
b4580_1,-0.37981706617175587,NA
b4580_2,-0.5389994932143752,NA
b4581_2,-0.5593187412898706,NA
b4582_1,-0.49168442110897714,NA
b4582_2,-0.5178331037383015,NA
b4587_1,-0.436485809390624,NA
b4587_2,-0.34748002391680405,NA
b4593,-0.043357245116801627,ymgI
b4595,-0.1527082681078177,yciY
b4596,-0.24631121973309045,yciZ
b4600_2,-0.5839005508892177,NA
b4620,-0.47944741344794356,yjbT
b4623_1,-0.40368404990388507,NA
b4633,-0.26942276533319703,xisD
b4640_1,-0.4009268578412137,NA
b4641,-0.3237523655300458,NA
b4646_2,-0.30334748082845137,NA
b4656,-0.5453361503390819,NA
b4658_1,-0.721714489775834,NA
b4658_2,-0.7792687448301202,NA
b4659_1,-0.41594687408808967,NA
b4659_2,-0.2408914156004093,NA
b4660_1,-0.4215673951276593,NA
b4661,-0.6237861455584335,yfcU
b4662,-0.04110543784369522,sgrT
b4686,-0.0032711847523990674,yshB
b4688,-0.3024759883809944,ykgS
b4693,-0.6083244270958175,aaaE
b4696_1,-0.6140936012733201,NA
b4696_2,-0.6296819838401544,NA
b4705,-0.28365928700795245,mntS
